arm,episode,environment_seed,true_boundary,irreversible_entry,first_irreversible_step,final_pressure,final_biosphere,final_institution,final_trust,final_justice,min_hidden_cr,min_estimated_cr,cumulative_performative_gap,capture_absorption,justice_stability,defective_action_rate,false_positive_rate,false_negative_rate,emergency_trigger_rate,mean_response_delay,mean_estimation_error,final_mode
weak_coupling,0,18159670463357312742,0.9429685093,1,19,3.1294068200,0.0000000000,0.0000000000,0.0000000000,0.0000000000,-16.9879377509,-15.1678015633,34.2902283043,0.2042080807,0.1159216430,0.8113220305,0.0000000000,0.9027777778,0.0000000000,0.0000000000,10.5272594290,0
nominal_trigger,0,18159670463357312742,0.9429685093,1,20,2.9074015071,0.0000000000,0.0000000000,0.0000000000,0.0000000000,-18.9049035739,-16.8793781909,31.8067395783,0.3829995016,0.0136235754,0.7341042854,0.0000000000,0.0972222222,0.7083333333,7.5000000000,10.4992992680,2
robust_reserve,0,18159670463357312742,0.9429685093,1,41,1.6953743929,0.3458856135,0.0000000000,0.0282994556,0.1861924061,-13.5684684936,-13.5684684936,17.6364786943,0.6957150890,0.2433928666,0.4320275169,0.5277777778,0.0000000000,0.5000000000,4.4615384615,17.6791122802,3
full_rvcim,0,18159670463357312742,0.9429685093,1,66,0.9288908171,0.5542053818,0.0000000000,0.0198266505,0.4003784383,-9.7855404337,-11.0444751157,13.3521068530,0.7721724627,0.4005636917,0.3537829878,0.9166666667,0.0000000000,0.1527777778,3.5384615385,36.8728675449,1
weak_coupling,1,1066458971627894647,0.8893637509,1,28,2.7885329314,0.0000000000,0.0000000000,0.0000000000,0.0834195438,-15.6092100153,-13.9367946566,27.6567172174,0.2155802069,0.3030864174,0.7384022564,0.0000000000,0.8750000000,0.0000000000,0.0000000000,11.8504646582,0
nominal_trigger,1,1066458971627894647,0.8893637509,1,29,2.5270285318,0.0000000000,0.0000000000,0.0000000000,0.0000000000,-16.1749735836,-14.4419406996,25.1109842031,0.3910613170,0.2147026101,0.6466183727,0.0000000000,0.1250000000,0.6250000000,6.2500000000,11.9767730980,2
robust_reserve,1,1066458971627894647,0.8893637509,1,46,1.3537469989,0.4805648560,0.0000000000,0.1192210127,0.6060949739,-11.4452003248,-11.4452003248,15.3476245524,0.7061088949,0.4827192885,0.3806128421,0.6250000000,0.0000000000,0.3611111111,4.1428571429,18.1962076481,3
full_rvcim,1,1066458971627894647,0.8893637509,0,72,0.6847188549,0.6103212564,0.0000000000,0.0000000000,0.7244014666,12.8450312936,-0.2351432909,12.7034955759,0.7787424601,0.5811215901,0.3500594324,1.0000000000,0.0000000000,0.0277777778,3.4000000000,32.8949613156,1
weak_coupling,2,3075999084060838787,1.0173100750,1,24,2.9212404342,0.0000000000,0.0000000000,0.0000000000,0.0000000000,-16.0298758007,-14.3123891077,24.8887612667,0.2126732550,0.2390687396,0.7161692225,0.0000000000,0.8472222222,0.0000000000,0.0000000000,8.1458328997,0
nominal_trigger,2,3075999084060838787,1.0173100750,1,29,2.5711755486,0.0000000000,0.0000000000,0.0000000000,0.0000000000,-16.6725031782,-14.8861635519,22.7829016575,0.3922036038,0.1479639315,0.6287176917,0.0000000000,0.0416666667,0.6805555556,6.7500000000,8.0829641808,2
robust_reserve,2,3075999084060838787,1.0173100750,1,49,1.4054998795,0.4530791108,0.0000000000,0.0893151519,0.4609396703,-11.3375986456,-11.4537825102,14.6473871623,0.7020177585,0.3952695570,0.3787770034,0.6805555556,0.0000000000,0.4305555556,4.5333333333,20.6738952199,3
full_rvcim,2,3075999084060838787,1.0173100750,0,72,0.7817831334,0.5873559437,0.0000000000,0.0000000000,0.6187384875,7.9529196340,-8.8629778758,12.3818905957,0.7771616839,0.5248953463,0.3407566090,1.0000000000,0.0000000000,0.1527777778,3.5000000000,51.6977039881,1
weak_coupling,3,11604122393904601897,1.0923177243,1,24,3.1008711762,0.0000000000,0.0000000000,0.0000000000,0.0000000000,-16.1252007572,-14.3975006761,29.7167247491,0.2111757047,0.2096632804,0.8201849390,0.0000000000,0.7916666667,0.0000000000,0.0000000000,5.8335462358,0
nominal_trigger,3,11604122393904601897,1.0923177243,1,25,2.9118565952,0.0000000000,0.0000000000,0.0000000000,0.0000000000,-16.9523634178,-15.1360387659,28.0320928092,0.3896532352,0.1321187586,0.7528222240,0.0000000000,0.0277777778,0.6666666667,7.7500000000,5.4516748175,2
robust_reserve,3,11604122393904601897,1.0923177243,1,38,1.8665301245,0.2131471761,0.0000000000,0.1592439645,0.5150076749,-12.1268676737,-12.1268676737,16.8101355752,0.7047813797,0.4068861346,0.4568250125,0.4861111111,0.0000000000,0.6111111111,4.5000000000,10.9454319264,3
full_rvcim,3,11604122393904601897,1.0923177243,1,52,1.3197017745,0.4063842336,0.0000000000,0.2643372501,0.7816103933,-9.9700285789,-10.8809632152,13.1669891451,0.7779038749,0.5579072918,0.3765798626,0.7083333333,0.0000000000,0.4583333333,3.3333333333,23.6967130586,3
weak_coupling,4,11010220161465837587,0.8738561213,1,26,2.6908257976,0.0000000000,0.0000000000,0.0000000000,0.0000000000,-16.2795023172,-14.5352699261,26.7584046433,0.2153879768,0.2656913001,0.6904264162,0.0000000000,0.8055555556,0.0000000000,0.0000000000,13.5683319292,0
nominal_trigger,4,11010220161465837587,0.8738561213,1,30,2.3447490905,0.0000000000,0.0000000000,0.0000000000,0.0000000000,-17.5105070752,-15.6343813172,24.1452171653,0.3822534122,0.2189224192,0.5833952058,0.0000000000,0.1388888889,0.5972222222,6.5000000000,14.0394138844,2
robust_reserve,4,11010220161465837587,0.8738561213,0,72,0.5015385577,0.6907910656,0.0000000000,0.0000000000,0.5930965182,25.8704652495,4.8043716196,13.2987913773,0.7050175249,0.4973035536,0.2708604237,1.0000000000,0.0000000000,0.0000000000,3.0000000000,44.4521539558,1
full_rvcim,4,11010220161465837587,0.8738561213,0,72,0.2291703690,0.7995335540,0.0183729266,0.0000000000,0.8200876344,27.3233114298,15.9872272853,10.5888962009,0.7805068037,0.6399138139,0.2074076352,1.0000000000,0.0000000000,0.0000000000,3.0000000000,39.4645136114,1
weak_coupling,5,2539856067279588010,1.0954672412,1,25,2.8450342969,0.0000000000,0.0000000000,0.0000000000,0.0000000000,-16.8347421033,-15.0310197351,27.1605087383,0.2059735509,0.1422330436,0.7164250616,0.0000000000,0.8055555556,0.0000000000,0.0000000000,9.5735413057,0
nominal_trigger,5,2539856067279588010,1.0954672412,1,26,2.5859444037,0.0000000000,0.0000000000,0.0000000000,0.0000000000,-18.4299011725,-16.4552689040,24.6951890225,0.3844182538,0.0511667588,0.6285684168,0.0277777778,0.0555555556,0.6805555556,7.0000000000,9.0540848405,2
robust_reserve,5,2539856067279588010,1.0954672412,1,61,1.1755613518,0.4714390771,0.0000000000,0.0122338109,0.1321340211,-12.7507708236,-12.7507708236,15.4004278518,0.6932132809,0.2260538556,0.3856720344,0.8472222222,0.0000000000,0.3888888889,4.7000000000,28.7532632591,3
full_rvcim,5,2539856067279588010,1.0954672412,0,72,0.7628446189,0.5877752004,0.0000000000,0.0000000000,0.4227924944,18.4923827180,-9.6140735322,12.4618554559,0.7731364726,0.4174253617,0.3300997167,1.0000000000,0.0000000000,0.1388888889,3.8888888889,58.5168050603,1
weak_coupling,6,5660193241998785674,1.0909779499,1,25,3.0634665832,0.0000000000,0.0000000000,0.0000000000,0.0000000000,-16.3045849856,-14.5576651658,31.4242252576,0.2095741843,0.1892484928,0.8181150883,0.0000000000,0.7916666667,0.0000000000,0.0000000000,9.6332606622,0
nominal_trigger,6,5660193241998785674,1.0909779499,1,25,2.8678898388,0.0000000000,0.0000000000,0.0000000000,0.0000000000,-17.2251887282,-15.3796327931,28.9986575724,0.3918311458,0.1266839983,0.7378237098,0.0000000000,0.0416666667,0.6944444444,7.5000000000,9.6180368351,2
robust_reserve,6,5660193241998785674,1.0909779499,1,44,1.6863715402,0.3203331345,0.0000000000,0.0696377182,0.4810341022,-12.4259518711,-12.4259518711,17.0038671752,0.7075271009,0.4226291199,0.4495067768,0.5833333333,0.0000000000,0.5694444444,4.5454545455,18.7718455537,3
full_rvcim,6,5660193241998785674,1.0909779499,1,59,1.2785011187,0.4337494354,0.0000000000,0.0535990670,0.6546175379,-10.9687420980,-10.9687420980,13.9014954747,0.7783046623,0.5705172501,0.4231425357,0.7916666667,0.0000000000,0.3472222222,3.9411764706,32.2512477495,3
weak_coupling,7,257781127454455725,0.9587298028,1,20,3.1818181082,0.0000000000,0.0000000000,0.0000000000,0.0000000000,-18.4920113548,-16.5107244239,25.9278391438,0.1988260564,0.0754132310,0.8055957910,0.0000000000,0.8611111111,0.0000000000,0.0000000000,12.6642409279,0
nominal_trigger,7,257781127454455725,0.9587298028,1,21,3.0131440677,0.0000000000,0.0000000000,0.0000000000,0.0000000000,-20.7834767305,-18.5566756522,24.7007385173,0.3702145119,0.0138486027,0.7452634688,0.0000000000,0.1111111111,0.6805555556,8.7500000000,12.0316542838,2
robust_reserve,7,257781127454455725,0.9587298028,1,29,2.1218824563,0.1621377354,0.0000000000,0.0748192391,0.0454886115,-14.8520858432,-14.8520858432,15.7196983343,0.6933696812,0.1490753754,0.4613834861,0.3611111111,0.0000000000,0.6527777778,5.1250000000,7.9676756141,3
full_rvcim,7,257781127454455725,0.9587298028,1,36,1.8197714588,0.2957537625,0.0000000000,0.2391879195,0.4724820295,-12.8922911506,-12.8922911506,13.0857001063,0.7714834548,0.3830788971,0.4111955993,0.4722222222,0.0000000000,0.5694444444,4.6153846154,13.1720439798,3
weak_coupling,8,11573325059504012732,0.8939474003,1,32,2.5867869089,0.0000000000,0.0000000000,0.0000000000,0.2654009576,-14.8247304948,-13.2363665132,23.7320804597,0.2218376019,0.4082697824,0.6831951310,0.0000000000,0.7777777778,0.0000000000,0.0000000000,13.8143013344,0
nominal_trigger,8,11573325059504012732,0.8939474003,1,34,2.2488152904,0.0413419549,0.0000000000,0.0000000000,0.0000000000,-15.2508136455,-13.6167978978,21.3577574960,0.4038158570,0.2008196358,0.5824823421,0.0000000000,0.0416666667,0.6111111111,6.0000000000,15.5596691606,2
robust_reserve,8,11573325059504012732,0.8939474003,0,72,0.6935288073,0.6011783974,0.0000000000,0.0000000000,0.4183688667,4.0804469586,-0.4826512019,13.9270882802,0.7008875887,0.3861287422,0.3389321154,0.9861111111,0.0000000000,0.0138888889,3.6666666667,34.5421703298,1
full_rvcim,8,11573325059504012732,0.8939474003,0,72,0.4448459194,0.7019654823,0.0000000000,0.0000000000,0.6281927885,35.0433150810,9.1910286689,11.3632713788,0.7773615216,0.5211166718,0.2695885721,1.0000000000,0.0000000000,0.0000000000,3.0000000000,35.1910947322,1
weak_coupling,9,10348683437359800212,1.0481448322,1,32,2.8654056800,0.0000000000,0.0000000000,0.0000000000,0.1583162708,-15.2315109625,-13.5995633594,28.7144758965,0.2183783609,0.3404050595,0.7597717730,0.0000000000,0.8194444444,0.0000000000,0.0000000000,12.0033875165,0
nominal_trigger,9,10348683437359800212,1.0481448322,1,34,2.5501304566,0.0000000000,0.0000000000,0.0000000000,0.0000000000,-15.6187662905,-13.9453270451,25.7940492936,0.4024808760,0.1405543050,0.6620737752,0.0000000000,0.0555555556,0.6527777778,6.0000000000,12.3339199393,2
robust_reserve,9,10348683437359800212,1.0481448322,1,47,1.5154712280,0.4420261097,0.0000000000,0.1340332226,0.5236197703,-10.9939046896,-10.9939046896,15.9509761605,0.7047427267,0.4109268970,0.4083195956,0.6250000000,0.0000000000,0.4583333333,3.8571428571,19.9659360752,3
full_rvcim,9,10348683437359800212,1.0481448322,1,69,0.9106685668,0.5748651830,0.0000000000,0.0169181249,0.6247749690,-3.6719824816,-8.9533270867,13.1333763573,0.7771755290,0.5197957270,0.3752957774,0.9583333333,0.0000000000,0.0972222222,3.4000000000,35.9817017648,1
weak_coupling,10,11027220222535602054,0.9009444595,1,17,3.2556991762,0.0000000000,0.0000000000,0.0000000000,0.0000000000,-18.9112005700,-16.8850005090,22.7469956808,0.1964413366,0.0564032946,0.7827035954,0.0000000000,0.9305555556,0.0000000000,0.0000000000,13.7257945653,0
nominal_trigger,10,11027220222535602054,0.9009444595,1,17,3.0775611316,0.0000000000,0.0000000000,0.0000000000,0.0000000000,-21.2250913543,-18.9509744234,21.6741211048,0.3704459207,0.0127993463,0.7212513777,0.0000000000,0.1527777778,0.7222222222,9.5000000000,12.2857931176,2
robust_reserve,10,11027220222535602054,0.9009444595,1,22,2.1782900127,0.2282255033,0.0000000000,0.2100747776,0.4033584209,-14.8799179964,-14.8799179964,14.1340473616,0.7023080114,0.3608048122,0.4217699962,0.1805555556,0.0000000000,0.8194444444,5.9090909091,7.9964300203,3
full_rvcim,10,11027220222535602054,0.9009444595,1,26,1.9847171421,0.3212325593,0.0000000000,0.4689841450,0.7137939888,-12.8154895093,-12.8154895093,12.3647542894,0.7769429300,0.5515239133,0.3808365372,0.3194444444,0.0000000000,0.7361111111,4.2121212121,9.2697195882,2
weak_coupling,11,634620653782910854,0.9194034998,1,21,3.1445474692,0.0000000000,0.0000000000,0.0000000000,0.0000000000,-16.5747254749,-14.7912082744,28.8589692442,0.2092366867,0.1747803113,0.8367260217,0.0000000000,0.8611111111,0.0000000000,0.0000000000,12.3437165380,0
nominal_trigger,11,634620653782910854,0.9194034998,1,23,2.9003926092,0.0000000000,0.0000000000,0.0000000000,0.0000000000,-18.0458495850,-16.1123657009,26.5378154170,0.3885278806,0.1039764591,0.7500435406,0.0000000000,0.0833333333,0.6666666667,7.1666666667,12.4596526780,2
robust_reserve,11,634620653782910854,0.9194034998,1,35,1.8123919689,0.2611635562,0.0000000000,0.1998869871,0.5695682973,-12.8787089281,-12.8787089281,15.7416198824,0.7034097917,0.4265485027,0.4304228715,0.4583333333,0.0000000000,0.5416666667,4.6000000000,21.4442066408,3
full_rvcim,11,634620653782910854,0.9194034998,1,50,1.4295684157,0.3971320569,0.0000000000,0.1402855460,0.6605941915,-11.1995945920,-11.1995945920,13.3766665637,0.7765893144,0.5550738815,0.4195171330,0.6944444444,0.0000000000,0.3055555556,3.2777777778,28.9902119992,1
weak_coupling,12,2737017759123404506,1.0848682998,1,23,3.1243614193,0.0000000000,0.0000000000,0.0000000000,0.0000000000,-16.3333078437,-14.5833105747,25.0421885779,0.2106626424,0.1940907629,0.7990734913,0.0000000000,0.8472222222,0.0000000000,0.0000000000,5.4771671047,0
nominal_trigger,12,2737017759123404506,1.0848682998,1,25,2.9088834799,0.0000000000,0.0000000000,0.0000000000,0.0000000000,-17.5187706486,-15.6417595077,23.5881244890,0.3948655749,0.0997396874,0.7368379380,0.0000000000,0.0555555556,0.7222222222,7.0000000000,5.5613706995,2
robust_reserve,12,2737017759123404506,1.0848682998,1,37,1.8635642141,0.2470940815,0.0000000000,0.1777069564,0.5450568573,-11.8738408381,-11.8738408381,14.9316712491,0.7072207518,0.4349733085,0.4394215220,0.4583333333,0.0000000000,0.6111111111,4.4545454545,12.8901650097,3
full_rvcim,12,2737017759123404506,1.0848682998,1,53,1.4286084095,0.3780827391,0.0000000000,0.1370543543,0.6853196122,-10.8247851450,-10.8247851450,12.9932915741,0.7776675894,0.5472344623,0.4164911045,0.7361111111,0.0000000000,0.4305555556,3.5000000000,22.3415932581,3
weak_coupling,13,2319224021588573309,1.0056122998,1,29,2.9420240275,0.0000000000,0.0000000000,0.0000000000,0.1155758939,-15.2755601681,-13.6388930072,31.8519201469,0.2171861171,0.3287119620,0.7981417373,0.0000000000,0.8194444444,0.0000000000,0.0000000000,7.1521403628,0
nominal_trigger,13,2319224021588573309,1.0056122998,1,31,2.6828892693,0.0000000000,0.0000000000,0.0000000000,0.0000000000,-15.4771513199,-13.8188851070,29.3695936346,0.4039572765,0.2166986147,0.7218245800,0.0000000000,0.0555555556,0.6944444444,6.5000000000,7.2185849326,2
robust_reserve,13,2319224021588573309,1.0056122998,1,45,1.6216864785,0.3184772321,0.0000000000,0.1307507885,0.6879433524,-11.0705739937,-11.0705739937,17.6612285475,0.7084137221,0.5388000715,0.4545678457,0.6250000000,0.0000000000,0.4027777778,4.1428571429,17.7262372779,3
full_rvcim,13,2319224021588573309,1.0056122998,1,63,1.0439769991,0.4803077255,0.0000000000,0.0664032381,0.8205728477,-9.7562120013,-9.8787159007,13.8360891424,0.7810520540,0.6472648991,0.4060919494,0.8750000000,0.0000000000,0.1944444444,3.3750000000,33.2342374175,2
weak_coupling,14,8813944467716409934,0.9530248499,1,22,2.8643268781,0.0000000000,0.0000000000,0.0000000000,0.0000000000,-16.7852088809,-14.9867936437,28.6215952423,0.2087849877,0.1755498633,0.6716661951,0.0000000000,0.8611111111,0.0000000000,0.0000000000,9.3582557412,0
nominal_trigger,14,8813944467716409934,0.9530248499,1,24,2.5798690700,0.0000000000,0.0000000000,0.0000000000,0.0000000000,-18.0731432396,-16.1367350354,26.6295614711,0.3797446832,0.1024445767,0.5964609003,0.0000000000,0.0972222222,0.6666666667,7.2500000000,8.4186643822,2
robust_reserve,14,8813944467716409934,0.9530248499,1,52,1.2139213750,0.5367632096,0.0000000000,0.0791862690,0.4098932830,-12.3670741672,-12.3670741672,15.8398666061,0.7000761072,0.3618458565,0.3475375398,0.7083333333,0.0000000000,0.3611111111,4.4285714286,25.7706187302,3
full_rvcim,14,8813944467716409934,0.9530248499,0,72,0.6365673250,0.6692756414,0.0000000000,0.0000000000,0.5977613069,22.9773536624,-0.1683389885,12.5414853766,0.7760325906,0.5106937966,0.3034192830,1.0000000000,0.0000000000,0.0277777778,3.8000000000,44.8818163718,1
weak_coupling,15,4302338730653840474,1.0683577892,1,27,2.7970174786,0.0000000000,0.0000000000,0.0000000000,0.0000000000,-15.9756261298,-14.2639519016,26.2909980268,0.2139761965,0.2633172100,0.7119217997,0.0000000000,0.7500000000,0.0000000000,0.0000000000,10.8024511080,0
nominal_trigger,15,4302338730653840474,1.0683577892,1,29,2.5309553358,0.0000000000,0.0000000000,0.0000000000,0.0000000000,-16.6794476999,-14.8923640178,24.4933301123,0.3902876637,0.1540238245,0.6400612290,0.0277777778,0.0000000000,0.6527777778,6.5000000000,10.5831188377,2
robust_reserve,15,4302338730653840474,1.0683577892,1,58,1.2223347704,0.4609127908,0.0000000000,0.0405929441,0.3945995385,-11.3342541127,-11.4872632161,15.5727784188,0.7003203089,0.3701556072,0.4076120644,0.8055555556,0.0000000000,0.4027777778,4.3888888889,29.2481912110,3
full_rvcim,15,4302338730653840474,1.0683577892,0,72,0.7738457288,0.5652399900,0.0000000000,0.0000000000,0.6028530437,18.7464530077,-10.3279220298,12.7221386974,0.7767353306,0.5073861348,0.3600293577,1.0000000000,0.0000000000,0.1527777778,3.4000000000,52.3234621362,2
weak_coupling,16,924353158282346740,0.8737373253,1,34,2.4760671180,0.0000000000,0.0000000000,0.0000000000,0.2267631089,-15.1555521526,-13.5317429934,23.4323070466,0.2209550499,0.3881943814,0.6728018083,0.0000000000,0.7916666667,0.0000000000,0.0000000000,14.4525859791,0
nominal_trigger,16,924353158282346740,0.8737373253,1,35,2.1824018066,0.0753211017,0.0000000000,0.0000000000,0.1238687027,-14.9830892064,-13.3777582200,21.1912136456,0.3875213807,0.3651957591,0.5559586114,0.0000000000,0.0833333333,0.5555555556,6.3333333333,15.1453725348,2
robust_reserve,16,924353158282346740,0.8737373253,0,72,0.5708979708,0.6700537920,0.0000000000,0.0000000000,0.5909436070,24.6002409562,-1.9351805194,13.5893277207,0.7050834217,0.4957369393,0.3189336842,1.0000000000,0.0000000000,0.0138888889,4.0000000000,40.9414346554,1
full_rvcim,16,924353158282346740,0.8737373253,0,72,0.2723365461,0.7964989737,0.0302217489,0.0000000000,0.8102927918,39.3420025450,9.1034364833,10.9594270812,0.7808999787,0.6329232593,0.2474141769,1.0000000000,0.0000000000,0.0000000000,3.0000000000,43.7672123219,1
weak_coupling,17,8207440806829968870,1.0510635695,1,27,2.9039928110,0.0000000000,0.0000000000,0.0000000000,0.1154335964,-15.6367952933,-13.9614243690,26.6217451879,0.2147602821,0.3179961105,0.7277972816,0.0000000000,0.7222222222,0.0000000000,0.0000000000,10.2691162924,0
nominal_trigger,17,8207440806829968870,1.0510635695,1,32,2.6140110261,0.0000000000,0.0000000000,0.0000000000,0.0000000000,-16.2087967921,-14.4721399930,25.3379207614,0.3900384856,0.2187849247,0.6730639395,0.0277777778,0.0000000000,0.6388888889,7.0000000000,9.6731304808,2
robust_reserve,17,8207440806829968870,1.0510635695,1,52,1.4595633785,0.4375506891,0.0000000000,0.0880433060,0.5594247288,-11.6355474569,-11.6355474569,16.1552658290,0.7030295892,0.4546513545,0.4299760627,0.7222222222,0.0000000000,0.4166666667,4.0588235294,23.7500281828,3
full_rvcim,17,8207440806829968870,1.0510635695,1,68,0.9289145531,0.5689829860,0.0000000000,0.0449249889,0.7333592278,-3.7693957929,-9.8732144010,13.2111230450,0.7783086859,0.5828731684,0.3868217097,0.9027777778,0.0000000000,0.1944444444,3.5000000000,43.4458445560,2
weak_coupling,18,11863023453764764809,1.0026124498,1,30,2.7716345364,0.0000000000,0.0000000000,0.0000000000,0.1037087770,-15.4165762489,-13.7648002222,25.1853458444,0.2169304094,0.3283432906,0.7465698568,0.0000000000,0.7777777778,0.0000000000,0.0000000000,7.6788212400,0
nominal_trigger,18,11863023453764764809,1.0026124498,1,36,2.4166420766,0.0000000000,0.0000000000,0.0000000000,0.0000000000,-15.9681742669,-14.2572984526,23.0779197483,0.3971545115,0.2479262431,0.6589369131,0.0000000000,0.0277777778,0.6250000000,6.0000000000,7.9587933962,2
robust_reserve,18,11863023453764764809,1.0026124498,1,54,1.3413009683,0.4424290970,0.0000000000,0.0508350439,0.5581188111,-11.4796176675,-11.4796176675,15.3446394738,0.7041783238,0.4731587331,0.4398006683,0.7500000000,0.0000000000,0.3888888889,4.2222222222,25.4754173863,3
full_rvcim,18,11863023453764764809,1.0026124498,0,72,0.7190563603,0.5970170563,0.0000000000,0.0000000000,0.7548622857,12.1662831262,-8.2259608482,12.4254751183,0.7795475941,0.6049242817,0.3644231725,1.0000000000,0.0000000000,0.1111111111,3.5384615385,49.9773112545,1
weak_coupling,19,75358118167356863,1.0583932955,1,37,2.5737904707,0.0000000000,0.0000000000,0.0000000000,0.2312406861,-15.1773293481,-13.5511869179,27.2152766567,0.2206721969,0.3984778259,0.7145982536,0.0000000000,0.7361111111,0.0000000000,0.0000000000,8.2540915622,0
nominal_trigger,19,75358118167356863,1.0583932955,1,39,2.2658569213,0.0333743019,0.0000000000,0.0000000000,0.0000000000,-15.7531737904,-14.0653337414,24.3824511893,0.4035330379,0.2746108356,0.6112576524,0.0972222222,0.0000000000,0.6388888889,5.5000000000,8.5321710201,2
robust_reserve,19,75358118167356863,1.0583932955,0,72,0.7455860190,0.5955464319,0.0000000000,0.0000000000,0.6072345236,17.9873329237,-8.6457175358,14.6562036408,0.7057071231,0.5037222636,0.3390801368,1.0000000000,0.0000000000,0.1250000000,4.0000000000,49.2573041758,1
full_rvcim,19,75358118167356863,1.0583932955,0,72,0.4532761776,0.7178676902,0.0260696853,0.0000000000,0.8326434038,39.5094766339,2.7420212839,11.5024553792,0.7812452351,0.6438276157,0.2648738266,1.0000000000,0.0000000000,0.0000000000,3.0000000000,81.2178612296,1
weak_coupling,20,5057787946756576148,0.9495825705,1,21,3.2362704244,0.0000000000,0.0000000000,0.0000000000,0.0000000000,-16.2714493716,-14.5280797961,30.2122373217,0.2110486393,0.1975117286,0.8309922608,0.0000000000,0.8472222222,0.0000000000,0.0000000000,3.1367465367,0
nominal_trigger,20,5057787946756576148,0.9495825705,1,25,2.9759357241,0.0000000000,0.0000000000,0.0000000000,0.0000000000,-17.5202783128,-15.6431056365,28.3104726587,0.3922743945,0.0953913808,0.7637923200,0.0000000000,0.0555555556,0.7083333333,7.5000000000,3.1792943187,2
robust_reserve,20,5057787946756576148,0.9495825705,1,33,1.9538040441,0.2718844760,0.0000000000,0.1910572227,0.5216829781,-12.1926746827,-12.1926746827,16.3755789449,0.7064792107,0.4140958289,0.4431401652,0.4444444444,0.0000000000,0.6805555556,4.4615384615,7.8225671062,3
full_rvcim,20,5057787946756576148,0.9495825705,1,44,1.6305230258,0.3847919083,0.0000000000,0.3172270539,0.6690122769,-10.7734087329,-10.7734087329,13.6310443701,0.7770462863,0.5417310915,0.4211588401,0.5694444444,0.0000000000,0.5138888889,3.3333333333,15.0377282722,3
weak_coupling,21,6162045595540412373,1.1149557090,1,27,3.0697817554,0.0000000000,0.0000000000,0.0000000000,0.0313383875,-15.4849014794,-13.8258048923,31.2636085652,0.2148131773,0.2880846971,0.8381906573,0.0000000000,0.7361111111,0.0000000000,0.0000000000,13.0445985817,0
nominal_trigger,21,6162045595540412373,1.1149557090,1,31,2.8219128432,0.0000000000,0.0000000000,0.0000000000,0.0000000000,-16.0619101965,-14.3409912469,29.4921990269,0.3964980909,0.1709832487,0.7742107002,0.0138888889,0.0000000000,0.6666666667,6.5000000000,12.6729721336,2
robust_reserve,21,6162045595540412373,1.1149557090,1,39,1.8824064647,0.2629510291,0.0000000000,0.1595988941,0.5656275909,-11.5386864611,-11.6208837436,17.6323479076,0.7088182642,0.4433133346,0.4858282241,0.4583333333,0.0000000000,0.5972222222,4.4000000000,17.5262387756,3
full_rvcim,21,6162045595540412373,1.1149557090,1,50,1.6033944477,0.3532940733,0.0000000000,0.1595048339,0.6941163443,-10.3842344411,-10.3842344411,14.5959782392,0.7780420561,0.5595461677,0.4792152929,0.6805555556,0.0000000000,0.4305555556,3.3333333333,27.7982382334,3
weak_coupling,22,235499743249550364,0.8859534407,1,25,3.0997271695,0.0000000000,0.0000000000,0.0000000000,0.0864257458,-15.2184658815,-13.5879159656,28.9518461245,0.2155830357,0.2871776895,0.8210032015,0.0000000000,0.9166666667,0.0000000000,0.0000000000,10.5583751447,0
nominal_trigger,22,235499743249550364,0.8859534407,1,25,2.8398275742,0.0000000000,0.0000000000,0.0000000000,0.0000000000,-15.9777301165,-14.2658304612,26.0530545039,0.3964239949,0.0838761420,0.7141296021,0.0000000000,0.1388888889,0.6944444444,6.5000000000,9.5491725471,2
robust_reserve,22,235499743249550364,0.8859534407,1,39,1.8496601943,0.2804011728,0.0000000000,0.2338195677,0.3525661803,-11.3339679795,-11.3339679795,16.5732013200,0.7017182821,0.3259959074,0.4640815785,0.3888888889,0.0000000000,0.5555555556,4.0000000000,13.5964730198,3
full_rvcim,22,235499743249550364,0.8859534407,1,50,1.4144207909,0.4350873661,0.0000000000,0.2795953849,0.5393447611,-10.2812225626,-10.2812225626,13.2684502843,0.7751417760,0.4424812725,0.4045760979,0.6250000000,0.0000000000,0.3888888889,3.4000000000,19.7709930109,3
weak_coupling,23,17592833760252198295,1.0890220176,1,29,2.9913811995,0.0000000000,0.0000000000,0.0000000000,0.0570150023,-15.3588676664,-13.7132747021,25.7917298469,0.2160866867,0.2980790471,0.8003736918,0.0000000000,0.7916666667,0.0000000000,0.0000000000,3.5820738245,0
nominal_trigger,23,17592833760252198295,1.0890220176,1,32,2.6875117435,0.0000000000,0.0000000000,0.0000000000,0.0000000000,-16.0980800936,-14.3732857978,23.6290538026,0.4042402488,0.1061520648,0.7103106170,0.0277777778,0.0000000000,0.7222222222,6.5000000000,4.0557503953,2
robust_reserve,23,17592833760252198295,1.0890220176,1,44,1.6912425171,0.3331059756,0.0000000000,0.0958053150,0.3933461792,-11.5880901427,-11.5880901427,15.5484241312,0.7013521888,0.3489492981,0.4443434314,0.5833333333,0.0000000000,0.4583333333,4.3333333333,13.4711628882,3
full_rvcim,23,17592833760252198295,1.0890220176,1,62,1.1914071055,0.4607779387,0.0000000000,0.0514953517,0.5219337014,-10.3245572756,-10.3718998577,13.1580882659,0.7753276945,0.4666822717,0.4147283563,0.8611111111,0.0000000000,0.2916666667,3.3529411765,26.0129309884,3
weak_coupling,24,12404072984363800867,0.9656476602,1,24,3.0673840135,0.0000000000,0.0000000000,0.0000000000,0.0000000000,-15.8777710783,-14.1765813200,25.8348744443,0.2136107317,0.2438451868,0.8044184409,0.0000000000,0.8611111111,0.0000000000,0.0000000000,11.3125297253,0
nominal_trigger,24,12404072984363800867,0.9656476602,1,29,2.7584066309,0.0000000000,0.0000000000,0.0000000000,0.0000000000,-16.8837140261,-15.0747446662,23.7800391859,0.3919950995,0.1728504508,0.7203805544,0.0000000000,0.0694444444,0.6666666667,7.0000000000,11.2864740736,2
robust_reserve,24,12404072984363800867,0.9656476602,1,40,1.7273726168,0.3302290133,0.0000000000,0.1464187027,0.5599923516,-12.0128269678,-12.0128269678,15.0486475992,0.7059541562,0.4514075865,0.4418769070,0.5277777778,0.0000000000,0.5000000000,3.9090909091,14.8981857733,3
full_rvcim,24,12404072984363800867,0.9656476602,1,51,1.3843663625,0.4356045278,0.0000000000,0.1952941180,0.7163179432,-10.3078967103,-10.3078967103,13.0362245737,0.7779943700,0.5702869865,0.4224470397,0.7083333333,0.0000000000,0.3055555556,3.3076923077,21.4010774163,3
weak_coupling,25,1614058472199873598,0.9060116943,1,21,3.2613859742,0.0000000000,0.0000000000,0.0000000000,0.0000000000,-16.1574706047,-14.4263130399,29.5905703378,0.2101821930,0.1941691027,0.8271835412,0.0000000000,0.8888888889,0.0000000000,0.0000000000,7.2417198559,0
nominal_trigger,25,1614058472199873598,0.9060116943,1,24,3.0264232978,0.0000000000,0.0000000000,0.0000000000,0.0000000000,-17.4176060267,-15.5514339524,27.8520112797,0.3927871388,0.0948187777,0.7652238171,0.0000000000,0.1111111111,0.7083333333,7.5000000000,7.1017141998,2
robust_reserve,25,1614058472199873598,0.9060116943,1,32,1.8966475987,0.2956228215,0.0000000000,0.4367770668,0.6529950333,-11.2634313104,-11.6756352695,15.6638704433,0.7094587448,0.4817485860,0.4054902224,0.3333333333,0.0000000000,0.7638888889,4.4166666667,7.6042445728,3
full_rvcim,25,1614058472199873598,0.9060116943,1,44,1.4069312776,0.4799823152,0.0000000000,0.4729362766,0.8835013364,-10.3191966390,-10.3191966390,12.5451610133,0.7813941282,0.6152790612,0.3445648932,0.6111111111,0.0000000000,0.6944444444,3.0909090909,17.4436703592,2
weak_coupling,26,1357834853484744423,1.1066608104,1,28,3.0871590967,0.0000000000,0.0000000000,0.0000000000,0.0454513255,-15.4300053193,-13.7767904637,25.6676487142,0.2153319611,0.2935129520,0.8307628444,0.0000000000,0.7916666667,0.0000000000,0.0000000000,6.0594471856,0
nominal_trigger,26,1357834853484744423,1.1066608104,1,32,2.8243372295,0.0000000000,0.0000000000,0.0000000000,0.0000000000,-15.9790022560,-14.2669663000,24.3362907023,0.3968280027,0.1614159654,0.7601669784,0.0555555556,0.0138888889,0.6805555556,6.6666666667,6.2743755255,2
robust_reserve,26,1357834853484744423,1.1066608104,1,40,1.8556738110,0.2412699157,0.0000000000,0.1433444442,0.5429162777,-11.5554432707,-11.5554432707,15.6989419320,0.7062879943,0.4321020143,0.4625355026,0.5277777778,0.0000000000,0.6250000000,4.0000000000,15.4216005813,3
full_rvcim,26,1357834853484744423,1.1066608104,1,55,1.3201495510,0.4095622160,0.0000000000,0.1973170367,0.7566558696,-10.1316465491,-10.3262316952,12.9055635629,0.7797346585,0.5615907831,0.3999693836,0.7638888889,0.0000000000,0.4583333333,3.1111111111,25.7260714839,2
weak_coupling,27,13548188573432978526,0.9396002017,1,16,3.3441180457,0.0000000000,0.0000000000,0.0000000000,0.0000000000,-17.5626812065,-15.6809653630,26.3669502895,0.2002358986,0.0778073381,0.8308436081,0.0000000000,0.9444444444,0.0000000000,0.0000000000,9.4831068720,0
nominal_trigger,27,13548188573432978526,0.9396002017,1,16,3.1822701577,0.0000000000,0.0000000000,0.0000000000,0.0000000000,-19.6892104787,-17.5796522131,24.9371601374,0.3838950723,-0.0262890244,0.7731428659,0.0000000000,0.1250000000,0.7361111111,7.5000000000,6.8084593934,2
robust_reserve,27,13548188573432978526,0.9396002017,1,26,2.0987252601,0.2282692314,0.0000000000,0.1466941139,0.3120091241,-14.0864229422,-14.0864229422,15.0982114394,0.7027741715,0.2917983368,0.4313044288,0.3194444444,0.0000000000,0.6805555556,4.8571428571,4.9423744040,3
full_rvcim,27,13548188573432978526,0.9396002017,1,35,1.7992608606,0.3455205227,0.0000000000,0.3243505096,0.5408052518,-12.4307797470,-12.4307797470,12.8473007041,0.7757448620,0.4467312704,0.4006276194,0.4722222222,0.0000000000,0.5277777778,3.5789473684,10.2004599325,3
weak_coupling,28,16474501573591293470,0.9294727180,1,17,3.3843090392,0.0000000000,0.0000000000,0.0000000000,0.0000000000,-18.4572124363,-16.4796539610,30.8423375619,0.1988985829,0.0626810740,0.8126617006,0.0000000000,0.9305555556,0.0000000000,0.0000000000,9.5840123627,0
nominal_trigger,28,16474501573591293470,0.9294727180,1,18,3.2227454379,0.0000000000,0.0000000000,0.0000000000,0.0000000000,-20.5857727187,-18.3801542131,29.4773636737,0.3732035039,-0.0053018933,0.7621263341,0.0000000000,0.1111111111,0.7361111111,9.0000000000,7.3647300482,2
robust_reserve,28,16474501573591293470,0.9294727180,1,27,2.2925669230,0.1161933691,0.0000000000,0.0312606261,0.0469320759,-14.8349211203,-14.8349211203,17.3514229382,0.6947467041,0.1814422925,0.4741002702,0.3194444444,0.0000000000,0.6666666667,5.5555555556,6.9886594202,3
full_rvcim,28,16474501573591293470,0.9294727180,1,34,1.8985098150,0.2910042384,0.0000000000,0.3600918635,0.5953114667,-12.7451786157,-12.7451786157,13.3018026971,0.7748420818,0.4656913199,0.3910711460,0.4027777778,0.0000000000,0.5972222222,4.6363636364,11.1472064454,3
weak_coupling,29,8699582146486605974,0.9452843651,1,26,3.0497401003,0.0000000000,0.0000000000,0.0000000000,0.0520699832,-15.5702048629,-13.9019686276,24.7497881589,0.2151048244,0.2876441876,0.7946763116,0.0000000000,0.8611111111,0.0000000000,0.0000000000,8.5138784255,0
nominal_trigger,29,8699582146486605974,0.9452843651,1,27,2.7599677282,0.0000000000,0.0000000000,0.0000000000,0.0000000000,-15.9398893623,-14.2320440735,22.7767189571,0.3982264135,0.1984666689,0.6901656466,0.0000000000,0.0972222222,0.6944444444,6.5000000000,8.4631057324,2
robust_reserve,29,8699582146486605974,0.9452843651,1,40,1.6840071860,0.3575333459,0.0000000000,0.2922014499,0.7663127020,-11.5445509039,-11.5445509039,14.8042435396,0.7096364498,0.5701743735,0.4120585462,0.5000000000,0.0000000000,0.5138888889,4.0909090909,15.0736326378,3
full_rvcim,29,8699582146486605974,0.9452843651,1,55,1.2712666250,0.4784259350,0.0000000000,0.1612799123,0.8502376333,-9.9770630083,-9.9770630083,12.9230839126,0.7809431560,0.6663645652,0.3980812488,0.7638888889,0.0000000000,0.3055555556,3.3125000000,26.9919412911,2
weak_coupling,30,635902776888813281,0.8806253465,1,26,2.9437372199,0.0000000000,0.0000000000,0.0000000000,0.1582091307,-15.1715235497,-13.5460031694,29.3007855509,0.2179128087,0.3492196890,0.7957237257,0.0000000000,0.8333333333,0.0000000000,0.0000000000,5.9150304584,0
nominal_trigger,30,635902776888813281,0.8806253465,1,27,2.6967481607,0.0000000000,0.0000000000,0.0000000000,0.0000000000,-15.5173740290,-13.8547982401,26.9901278444,0.4029379208,0.2623614468,0.7097331160,0.0000000000,0.0833333333,0.6666666667,6.5000000000,5.9551181512,2
robust_reserve,30,635902776888813281,0.8806253465,1,45,1.4711683656,0.3758755414,0.0000000000,0.2344924754,0.7971357374,-11.1580292948,-11.1580292948,16.1333674752,0.7090217850,0.5888762847,0.4096748328,0.5694444444,0.0000000000,0.4444444444,3.8888888889,12.9309039736,3
full_rvcim,30,635902776888813281,0.8806253465,1,67,0.8515605635,0.5207289158,0.0000000000,0.0298591237,0.8796035491,-9.1579261105,-10.1412920375,13.2261360082,0.7813049362,0.6754414035,0.3768224471,0.9305555556,0.0000000000,0.1388888889,3.2727272727,30.2398910191,2
weak_coupling,31,11008074423672720452,0.8790507488,1,19,3.2967644355,0.0000000000,0.0000000000,0.0000000000,0.0000000000,-16.4436800429,-14.6794044629,26.8192747221,0.2089412795,0.1505408436,0.8887684493,0.0000000000,0.9027777778,0.0000000000,0.0000000000,10.9892277844,0
nominal_trigger,31,11008074423672720452,0.8790507488,1,22,3.1070121585,0.0000000000,0.0000000000,0.0000000000,0.0000000000,-17.9777333540,-16.0515476375,25.5814650694,0.3898027427,0.0414713394,0.8348705433,0.0000000000,0.1250000000,0.7083333333,7.6000000000,11.0855903649,2
robust_reserve,31,11008074423672720452,0.8790507488,1,29,2.0252145800,0.1694400183,0.0000000000,0.2104771373,0.3122196878,-12.7551904890,-12.7551904890,15.3100105653,0.7049853586,0.2869505101,0.4723549752,0.3194444444,0.0000000000,0.6666666667,4.8000000000,12.6838020948,3
full_rvcim,31,11008074423672720452,0.8790507488,1,37,1.6751716018,0.3031119212,0.0004428140,0.5298233233,0.6379570024,-11.2834292673,-11.2834292673,12.8817134914,0.7751114273,0.4707409011,0.4090403919,0.4305555556,0.0000000000,0.5833333333,3.7222222222,15.8050146937,3
weak_coupling,32,12011949910858298700,0.9838096191,1,20,3.2865797317,0.0000000000,0.0000000000,0.0000000000,0.0000000000,-17.0403585883,-15.2077258686,24.9584731355,0.2042825327,0.1173428791,0.8588500465,0.0000000000,0.8750000000,0.0000000000,0.0000000000,11.8543827008,0
nominal_trigger,32,12011949910858298700,0.9838096191,1,20,3.1289084911,0.0000000000,0.0000000000,0.0000000000,0.0000000000,-18.7236249858,-16.7175223088,23.6157354621,0.3844108422,0.0385608385,0.7940616061,0.0000000000,0.0694444444,0.6944444444,8.2500000000,10.8237725914,2
robust_reserve,32,12011949910858298700,0.9838096191,1,29,2.0216869765,0.2060867300,0.0000000000,0.1990784065,0.3634891107,-13.4066305566,-13.4066305566,14.6712064329,0.6995553945,0.3031182747,0.4316515300,0.3333333333,0.0000000000,0.6805555556,4.6666666667,9.6641366253,3
full_rvcim,32,12011949910858298700,0.9838096191,1,40,1.7350359273,0.3245994445,0.0000000000,0.1972234397,0.4852981799,-11.9193280742,-11.9193280742,12.9127897306,0.7732775117,0.4394075002,0.4164629374,0.5555555556,0.0000000000,0.5138888889,3.6666666667,14.6992090249,2
weak_coupling,33,82051557458746330,0.8998953398,1,19,3.0678209741,0.0000000000,0.0000000000,0.0000000000,0.0000000000,-16.7283802558,-14.9261642144,26.2850476702,0.2073084432,0.1509758592,0.7619113863,0.0000000000,0.8888888889,0.0000000000,0.0000000000,12.3692583003,0
nominal_trigger,33,82051557458746330,0.8998953398,1,22,2.8074166008,0.0000000000,0.0000000000,0.0000000000,0.0000000000,-18.1546597408,-16.2095176257,24.7456305994,0.3818532924,0.0775765551,0.6922751722,0.0000000000,0.1111111111,0.6805555556,8.0000000000,12.2339267156,2
robust_reserve,33,82051557458746330,0.8998953398,1,29,1.8476137660,0.2997465766,0.0000000000,0.2870021137,0.5073423566,-12.4224189003,-12.4224189003,14.9680696908,0.7029250297,0.3846429162,0.3826389117,0.3611111111,0.0000000000,0.5972222222,3.8000000000,10.3953882347,3
full_rvcim,33,82051557458746330,0.8998953398,1,41,1.5846482265,0.3885300664,0.0000000000,0.2694691138,0.6127113848,-10.9604005047,-10.9604005047,13.1703005613,0.7750201695,0.5018377285,0.3929516765,0.5694444444,0.0000000000,0.4583333333,3.4666666667,18.1080480540,3
weak_coupling,34,363848602583556340,1.0815632642,1,26,3.0715477862,0.0000000000,0.0000000000,0.0000000000,0.0000000000,-16.2537360895,-14.5122643656,29.8785032329,0.2106031706,0.2132176916,0.8144337642,0.0000000000,0.7500000000,0.0000000000,0.0000000000,10.6787007620,0
nominal_trigger,34,363848602583556340,1.0815632642,1,27,2.8488693591,0.0000000000,0.0000000000,0.0000000000,0.0000000000,-17.3568006007,-15.4971433935,27.4322851103,0.3882656411,0.1489088863,0.7254982220,0.0277777778,0.0000000000,0.6527777778,7.0000000000,9.5178718045,2
robust_reserve,34,363848602583556340,1.0815632642,1,44,1.7150988297,0.3270107283,0.0000000000,0.1144140642,0.5058433026,-12.3602337270,-12.3602337270,16.5133352725,0.7040361080,0.4225025253,0.4412439016,0.5555555556,0.0000000000,0.4861111111,4.4285714286,18.8942990408,3
full_rvcim,34,363848602583556340,1.0815632642,1,63,1.1399621124,0.4845598744,0.0000000000,0.0494815331,0.6571142615,-10.1948897597,-10.7243559038,13.3720352416,0.7772449787,0.5506440112,0.3913776916,0.8750000000,0.0000000000,0.3472222222,3.3913043478,37.5614013600,1
weak_coupling,35,3671569754381530179,1.1189802096,1,30,2.7707372528,0.0000000000,0.0000000000,0.0000000000,0.0554677158,-15.7303190984,-14.0449277665,23.7580434153,0.2156677770,0.3182623991,0.7136987277,0.0000000000,0.6944444444,0.0000000000,0.0000000000,10.9788886165,0
nominal_trigger,35,3671569754381530179,1.1189802096,1,34,2.4008026317,0.0000000000,0.0000000000,0.0000000000,0.0000000000,-16.5270676233,-14.7563103779,21.1789924759,0.3917197139,0.2671407483,0.5830732084,0.0694444444,0.0000000000,0.5972222222,6.7500000000,11.5775213294,2
robust_reserve,35,3671569754381530179,1.1189802096,0,72,0.7452925846,0.5927278852,0.0000000000,0.0000000000,0.6229764779,20.2974081250,-7.4871205711,13.5585535304,0.7071253712,0.5353723264,0.3140432013,1.0000000000,0.0000000000,0.0555555556,4.1428571429,59.8122963011,1
full_rvcim,35,3671569754381530179,1.1189802096,0,72,0.5134398940,0.6844188582,0.0000000000,0.0000000000,0.8579218874,46.2617070625,-0.2372661334,11.2723455662,0.7825719553,0.6734205310,0.2573221895,1.0000000000,0.0000000000,0.0138888889,3.3333333333,88.1255958828,1
weak_coupling,36,10168816283203937583,1.0368088343,1,24,2.9702009950,0.0000000000,0.0000000000,0.0000000000,0.0000000000,-18.6772595997,-16.6761246426,28.6313168336,0.2046357013,0.1173389693,0.7273649320,0.0000000000,0.7777777778,0.0000000000,0.0000000000,12.1666295873,0
nominal_trigger,36,10168816283203937583,1.0368088343,1,25,2.7934897573,0.0000000000,0.0000000000,0.0000000000,0.0000000000,-21.1481161443,-18.8822465574,27.4736867221,0.3684104167,0.0770259504,0.6773518694,0.0000000000,0.0138888889,0.6388888889,8.0000000000,9.3363200400,2
robust_reserve,36,10168816283203937583,1.0368088343,1,42,1.7614899885,0.3521110144,0.0000000000,0.0207427797,0.1468901370,-15.1566459556,-15.1566459556,17.0668217691,0.6964737126,0.2421163355,0.4504738585,0.5694444444,0.0000000000,0.5277777778,6.0000000000,16.2562150566,3
full_rvcim,36,10168816283203937583,1.0368088343,1,54,1.4114917129,0.4609318866,0.0000000000,0.0209382816,0.3994675211,-12.7057929952,-12.7057929952,14.0129970143,0.7727027303,0.4482918815,0.4280195089,0.7083333333,0.0000000000,0.3611111111,4.1904761905,24.6770685489,1
weak_coupling,37,3715246784138982144,0.9639762873,1,25,2.9916081261,0.0000000000,0.0000000000,0.0000000000,0.0000000000,-15.9739181161,-14.2624268894,25.0719575239,0.2145590351,0.2473237602,0.7657965910,0.0000000000,0.8472222222,0.0000000000,0.0000000000,9.1002111706,0
nominal_trigger,37,3715246784138982144,0.9639762873,1,29,2.7083206147,0.0000000000,0.0000000000,0.0000000000,0.0000000000,-17.0234605667,-15.1995183631,23.3960854529,0.3979085191,0.1365766536,0.6958151235,0.0000000000,0.0277777778,0.6944444444,7.0000000000,9.9850941192,2
robust_reserve,37,3715246784138982144,0.9639762873,1,41,1.6291053601,0.3938083995,0.0000000000,0.1003994501,0.4457440773,-11.5705779335,-11.7364468675,14.8289258118,0.7037132740,0.3883403055,0.4065659729,0.5277777778,0.0000000000,0.4861111111,4.2307692308,17.7303114371,3
full_rvcim,37,3715246784138982144,0.9639762873,1,63,0.9968960994,0.5623188967,0.0000000000,0.0555798815,0.5836294712,-10.1439171789,-10.4837850174,12.6104761394,0.7770241376,0.5107669003,0.3735109359,0.8750000000,0.0000000000,0.1944444444,3.4166666667,29.7527180732,2
weak_coupling,38,119688556055896962,0.9829124537,1,32,2.7008080042,0.0000000000,0.0000000000,0.0000000000,0.1716387236,-15.1373858045,-13.5155230397,27.0175839549,0.2180893027,0.3555169478,0.7591700518,0.0000000000,0.7777777778,0.0000000000,0.0000000000,8.0829389452,0
nominal_trigger,38,119688556055896962,0.9829124537,1,34,2.4431773934,0.0000000000,0.0000000000,0.0000000000,0.0000000000,-15.5834139029,-13.9137624133,25.0630132097,0.4016255938,0.2396605998,0.6852136405,0.0000000000,0.0277777778,0.6666666667,6.5000000000,8.3251453743,2
robust_reserve,38,119688556055896962,0.9829124537,1,60,1.1480807830,0.4532165662,0.0000000000,0.0323665722,0.5969886577,-11.2254232242,-11.2254232242,16.0911681898,0.7050147580,0.5020182187,0.4326133743,0.8333333333,0.0000000000,0.3194444444,3.9230769231,30.3823573806,3
full_rvcim,38,119688556055896962,0.9829124537,0,72,0.6412044047,0.5885532115,0.0000000000,0.0000000000,0.8010521927,20.2259189888,-6.0605447205,12.6621294179,0.7802316105,0.6284583766,0.3503276131,1.0000000000,0.0000000000,0.0416666667,3.3333333333,53.1722777973,1
weak_coupling,39,4077008859411716886,1.0370816304,1,24,3.0458252156,0.0000000000,0.0000000000,0.0000000000,0.0000000000,-16.0969032882,-14.3722350788,27.8409562575,0.2127490127,0.2338275060,0.7507825149,0.0000000000,0.7777777778,0.0000000000,0.0000000000,8.6252414155,0
nominal_trigger,39,4077008859411716886,1.0370816304,1,28,2.7681185149,0.0000000000,0.0000000000,0.0000000000,0.0000000000,-17.0855529498,-15.2549579909,26.1385982653,0.3912174938,0.1206576594,0.6855041846,0.0000000000,0.0277777778,0.6805555556,7.5000000000,7.8678488610,2
robust_reserve,39,4077008859411716886,1.0370816304,1,45,1.6269959572,0.4050710098,0.0000000000,0.0772541215,0.3950529188,-12.1056369350,-12.1056369350,15.8823128976,0.7020151555,0.3542878360,0.4078454805,0.5694444444,0.0000000000,0.4583333333,4.2000000000,18.8509298651,3
full_rvcim,39,4077008859411716886,1.0370816304,1,66,1.0174474729,0.5570491713,0.0000000000,0.0226737224,0.5483573254,-10.1366478087,-10.7291278352,13.0338379407,0.7755877893,0.4869057108,0.3696313772,0.9166666667,0.0000000000,0.1944444444,3.6000000000,35.2405161452,1
weak_coupling,40,17918939317558261794,1.1048148958,1,32,2.8315033189,0.0000000000,0.0000000000,0.0000000000,0.1247037284,-15.2375604294,-13.6049646691,24.3639201575,0.2177640385,0.3327039988,0.7384716768,0.0000000000,0.7361111111,0.0000000000,0.0000000000,9.2441252088,0
nominal_trigger,40,17918939317558261794,1.1048148958,1,37,2.5227104872,0.0000000000,0.0000000000,0.0000000000,0.0000000000,-15.5570967343,-13.8902649413,22.6144333854,0.3939293754,0.1806216803,0.6642940940,0.0555555556,0.0000000000,0.6388888889,6.5000000000,9.5044222635,2
robust_reserve,40,17918939317558261794,1.1048148958,1,51,1.5277987996,0.3839054629,0.0000000000,0.0602494557,0.3743733403,-11.3024873118,-11.3024873118,15.2442416055,0.7009333195,0.3445229366,0.4359820222,0.6666666667,0.0000000000,0.4444444444,4.2307692308,26.7863268330,3
full_rvcim,40,17918939317558261794,1.1048148958,1,70,0.9199582821,0.5335942223,0.0000000000,0.0159476097,0.5293918899,0.3986435174,-10.1071859536,12.6235788790,0.7756156898,0.4654598936,0.3762242273,0.9722222222,0.0000000000,0.1944444444,3.3333333333,55.2791861078,2
weak_coupling,41,16540202188794968666,1.0059246060,1,29,2.8792852352,0.0000000000,0.0000000000,0.0000000000,0.0759725261,-15.4664389916,-13.8093205282,28.4108873888,0.2160018478,0.3017892648,0.7660463933,0.0000000000,0.8055555556,0.0000000000,0.0000000000,10.4491148013,0
nominal_trigger,41,16540202188794968666,1.0059246060,1,32,2.6261144684,0.0000000000,0.0000000000,0.0000000000,0.0000000000,-16.2037103382,-14.4675985162,26.6560075383,0.3957279170,0.1542130406,0.7006012195,0.0000000000,0.0416666667,0.6666666667,6.6666666667,11.2479760417,2
robust_reserve,41,16540202188794968666,1.0059246060,1,46,1.5929196965,0.3868872900,0.0000000000,0.0622072299,0.3809652146,-11.4868804923,-11.4868804923,16.8163069274,0.7014712469,0.3539123115,0.4494247074,0.6111111111,0.0000000000,0.4444444444,4.3571428571,23.7809019153,3
full_rvcim,41,16540202188794968666,1.0059246060,1,57,1.2274473926,0.4940264950,0.0000000000,0.0731527667,0.5366301693,-10.2378255110,-10.2378255110,13.7749118610,0.7753705421,0.4845361386,0.4196867057,0.7916666667,0.0000000000,0.2777777778,3.2631578947,32.5767909098,1
weak_coupling,42,3898739026083351265,1.0204515679,1,28,2.8288944110,0.0000000000,0.0000000000,0.0000000000,0.0497663148,-15.5456390091,-13.8800348296,26.2366585741,0.2162145013,0.2978215652,0.7580659180,0.0000000000,0.7916666667,0.0000000000,0.0000000000,10.1807564991,0
nominal_trigger,42,3898739026083351265,1.0204515679,1,34,2.4959657335,0.0000000000,0.0000000000,0.0000000000,0.0000000000,-16.3398123258,-14.5891181481,24.2762505626,0.3958760354,0.1848996284,0.6792607632,0.0000000000,0.0416666667,0.6388888889,6.7500000000,10.5381500485,2
robust_reserve,42,3898739026083351265,1.0204515679,1,56,1.2852614922,0.4572995874,0.0000000000,0.0288152245,0.3881402273,-11.5400288673,-11.5629165173,15.3094080741,0.7007046653,0.3708807460,0.4167516530,0.7777777778,0.0000000000,0.3472222222,4.1000000000,22.4546131985,3
full_rvcim,42,3898739026083351265,1.0204515679,0,72,0.7615453611,0.5817942414,0.0000000000,0.0000000000,0.5950691736,11.3213575079,-10.3155742815,12.4169312730,0.7769120516,0.5088346957,0.3499728229,1.0000000000,0.0000000000,0.1388888889,3.5714285714,46.1372403008,1
weak_coupling,43,4154649465830934911,0.9514871375,1,20,3.1463483205,0.0000000000,0.0000000000,0.0000000000,0.0000000000,-16.3317416643,-14.5819122003,28.9099941343,0.2080783515,0.1699845071,0.7977716354,0.0000000000,0.8750000000,0.0000000000,0.0000000000,10.2652203187,0
nominal_trigger,43,4154649465830934911,0.9514871375,1,22,2.9374322502,0.0000000000,0.0000000000,0.0000000000,0.0000000000,-17.5855442373,-15.7013787833,26.9888100737,0.3867482924,0.0919124353,0.7332125207,0.0000000000,0.0972222222,0.6805555556,7.2500000000,9.8829301464,2
robust_reserve,43,4154649465830934911,0.9514871375,1,35,1.8775552811,0.2865271971,0.0000000000,0.1102622920,0.3782543008,-12.5908432125,-12.5908432125,15.9713778149,0.7015858550,0.3345917814,0.4344263881,0.4722222222,0.0000000000,0.5833333333,4.6666666667,11.3896227714,3
full_rvcim,43,4154649465830934911,0.9514871375,1,51,1.3889797954,0.4488562144,0.0000000000,0.1371440884,0.5763364415,-11.1716430815,-11.1716430815,13.2552281581,0.7758699181,0.4895444404,0.3991694284,0.6944444444,0.0000000000,0.3888888889,3.7894736842,23.7691279046,2
weak_coupling,44,778103527990850384,1.0487120762,1,35,2.5599463288,0.0000000000,0.0000000000,0.0000000000,0.2215801971,-15.1406534483,-13.5184405788,28.6975594678,0.2193023911,0.3889216453,0.7122478814,0.0000000000,0.6944444444,0.0000000000,0.0000000000,8.9188903240,0
nominal_trigger,44,778103527990850384,1.0487120762,1,39,2.2093388790,0.0618856148,0.0000000000,0.0000000000,0.0021049614,-15.4926854502,-13.8327548663,26.0125185088,0.3957435072,0.2850942235,0.6142887173,0.0277777778,0.0000000000,0.6250000000,6.5000000000,8.9010706779,2
robust_reserve,44,778103527990850384,1.0487120762,0,72,0.7873164113,0.5919934835,0.0000000000,0.0000000000,0.5770267494,5.6347961321,-10.7772623661,15.9659748961,0.7042272849,0.4849002173,0.3777109703,1.0000000000,0.0000000000,0.1388888889,4.1818181818,51.0602300592,1
full_rvcim,44,778103527990850384,1.0487120762,0,72,0.4799681272,0.7287036126,0.0000000000,0.0000000000,0.7998787949,39.2394748527,2.9150753003,12.1494615221,0.7800326275,0.6253933752,0.2960603283,1.0000000000,0.0000000000,0.0000000000,3.0000000000,80.2875211035,1
weak_coupling,45,8997837402335212981,1.1163515169,1,37,2.5951250241,0.0000000000,0.0000000000,0.0000000000,0.2817920019,-14.8927145033,-13.2970665208,23.2028059452,0.2217195553,0.4178078151,0.6471939564,0.0000000000,0.7222222222,0.0000000000,0.0000000000,6.8097874595,0
nominal_trigger,45,8997837402335212981,1.1163515169,1,40,2.2200294857,0.0535382286,0.0000000000,0.0000000000,0.0000000000,-14.6042887075,-13.0395434889,21.0751371299,0.4067252350,0.2262744986,0.5513089878,0.0555555556,0.0000000000,0.6805555556,6.0000000000,7.5736001825,2
robust_reserve,45,8997837402335212981,1.1163515169,1,64,1.0907177758,0.5066553523,0.0000000000,0.0303472421,0.5156992469,-9.7034585707,-10.7608597418,14.7887868159,0.7036235782,0.4435067206,0.3703812207,0.8888888889,0.0000000000,0.3194444444,4.2631578947,34.6758857727,3
full_rvcim,45,8997837402335212981,1.1163515169,0,72,0.7129236988,0.6148650030,0.0000000000,0.0000000000,0.7113210325,30.9803029106,-4.8069190873,12.0995033458,0.7791200620,0.5725834152,0.3126471412,1.0000000000,0.0000000000,0.0694444444,3.4444444444,69.4444848587,1
weak_coupling,46,10083877701260720516,1.0884935003,1,28,2.8319652651,0.0000000000,0.0000000000,0.0000000000,0.0000000000,-16.1205563609,-14.3933538937,31.1443211411,0.2107265711,0.2206783184,0.7647211521,0.0000000000,0.7222222222,0.0000000000,0.0000000000,8.3278085766,0
nominal_trigger,46,10083877701260720516,1.0884935003,1,29,2.5704226077,0.0000000000,0.0000000000,0.0000000000,0.0000000000,-16.8308146618,-15.0275130909,28.2628967117,0.3920104043,0.1482697471,0.6712837647,0.0000000000,0.0000000000,0.6805555556,7.5000000000,9.3595226940,2
robust_reserve,46,10083877701260720516,1.0884935003,1,57,1.3145786461,0.4149742317,0.0000000000,0.0395185810,0.4369408718,-11.6570936731,-11.9470314180,17.3684051583,0.7011725677,0.3967959356,0.4337817765,0.7777777778,0.0000000000,0.4583333333,4.6315789474,27.6755165155,3
full_rvcim,46,10083877701260720516,1.0884935003,0,72,0.8486290312,0.5257967653,0.0000000000,0.0000000000,0.6512181271,6.2966278350,-10.3706788772,13.6282231608,0.7774361146,0.5464459722,0.3857360650,1.0000000000,0.0000000000,0.2083333333,3.7333333333,54.4667783549,1
weak_coupling,47,8521598298222444033,0.9588698712,1,22,2.9668752590,0.0000000000,0.0000000000,0.0000000000,0.0000000000,-16.2941020957,-14.5483054426,27.9127875133,0.2100524475,0.2043978581,0.7665021898,0.0000000000,0.8472222222,0.0000000000,0.0000000000,8.6133762603,0
nominal_trigger,47,8521598298222444033,0.9588698712,1,25,2.7105878325,0.0000000000,0.0000000000,0.0000000000,0.0000000000,-17.2919495775,-15.4392406942,26.0929898038,0.3885443657,0.1296101840,0.6937682258,0.0138888889,0.0833333333,0.6527777778,7.2500000000,7.6232671885,2
robust_reserve,47,8521598298222444033,0.9588698712,1,52,1.3498442752,0.4582801528,0.0000000000,0.0672397300,0.3958537075,-12.1537965884,-12.1537965884,16.0401333142,0.6995734831,0.3726992941,0.4195983137,0.7083333333,0.0000000000,0.3472222222,4.5384615385,24.2210085253,3
full_rvcim,47,8521598298222444033,0.9588698712,0,72,0.6798433287,0.6289205405,0.0000000000,0.0000000000,0.6255406270,15.6134813643,-5.6435443287,12.4980591079,0.7771051350,0.5298099353,0.3378798336,1.0000000000,0.0000000000,0.0694444444,3.6666666667,43.2925502555,1
weak_coupling,48,5897281046167436313,1.0261549214,1,23,2.9693573406,0.0000000000,0.0000000000,0.0000000000,0.0000000000,-15.9426944742,-14.2345486377,27.1825414854,0.2122400334,0.2405807113,0.7628269471,0.0000000000,0.8472222222,0.0000000000,0.0000000000,10.1066938468,0
nominal_trigger,48,5897281046167436313,1.0261549214,1,28,2.6405660487,0.0000000000,0.0000000000,0.0000000000,0.0000000000,-17.0379425758,-15.2124487284,25.2100898029,0.3917695314,0.1277366729,0.6843876355,0.0000000000,0.0833333333,0.6805555556,6.5000000000,9.4230849340,2
robust_reserve,48,5897281046167436313,1.0261549214,1,51,1.4408808968,0.4219384337,0.0000000000,0.0536924747,0.4245076722,-12.1806647164,-12.1806647164,16.2212294183,0.7007956729,0.3879600298,0.4415816534,0.6944444444,0.0000000000,0.3888888889,4.4545454545,21.4090084505,3
full_rvcim,48,5897281046167436313,1.0261549214,1,69,0.8619901117,0.5641981677,0.0000000000,0.0225846830,0.6041336689,1.3527283002,-10.8495789088,13.0579182501,0.7766611618,0.5141640127,0.3865183326,0.9583333333,0.0000000000,0.2083333333,3.5000000000,43.3377717426,2
weak_coupling,49,17352077854424479511,1.1205538316,1,26,2.9674542847,0.0000000000,0.0000000000,0.0000000000,0.0000000000,-16.9419255608,-15.1267192507,26.1184854653,0.2110394241,0.1963657677,0.7252360304,0.0000000000,0.7916666667,0.0000000000,0.0000000000,8.1405399995,0
nominal_trigger,49,17352077854424479511,1.1205538316,1,27,2.7500912229,0.0000000000,0.0000000000,0.0000000000,0.0000000000,-18.7321508055,-16.7251346478,24.5349030826,0.3893729966,0.0908973233,0.6608856373,0.0000000000,0.0138888889,0.6944444444,8.0000000000,7.4601767071,2
robust_reserve,49,17352077854424479511,1.1205538316,1,52,1.4963210427,0.4129554955,0.0000000000,0.0407618561,0.3164230575,-13.2776628285,-13.2776628285,15.4921141266,0.7005039118,0.3019024945,0.4102091833,0.7222222222,0.0000000000,0.5833333333,4.3684210526,23.0327721872,3
full_rvcim,49,17352077854424479511,1.1205538316,1,68,0.9884327586,0.5357581149,0.0000000000,0.0270694444,0.5042591550,-4.2103332685,-11.4821395075,12.8432521669,0.7744330678,0.4585359016,0.3649029676,0.9305555556,0.0000000000,0.3888888889,3.4230769231,47.0038575641,2
weak_coupling,50,14986375744460544030,0.9647583923,1,29,2.8627192211,0.0000000000,0.0000000000,0.0000000000,0.1371695033,-15.3763398783,-13.7288748914,23.5374947442,0.2178500594,0.3296650447,0.7113326482,0.0000000000,0.8333333333,0.0000000000,0.0000000000,9.1093912079,0
nominal_trigger,50,14986375744460544030,0.9647583923,1,30,2.5509437425,0.0000000000,0.0000000000,0.0000000000,0.0000000000,-15.6232260484,-13.9493089718,21.4372530796,0.3998569292,0.1831901218,0.6093820502,0.0000000000,0.0277777778,0.6805555556,6.5000000000,9.1176716020,2
robust_reserve,50,14986375744460544030,0.9647583923,1,45,1.5498729573,0.4374866560,0.0000000000,0.1216716276,0.5371598982,-11.1224920878,-11.1272461900,14.8540646708,0.7045881984,0.4347532880,0.4014964112,0.6111111111,0.0000000000,0.4861111111,3.8666666667,16.9280668448,3
full_rvcim,50,14986375744460544030,0.9647583923,1,61,1.0561532384,0.5630869501,0.0000000000,0.0868251874,0.6804095867,-9.8850163496,-10.0622692918,12.5872850804,0.7779650480,0.5503233807,0.3618860413,0.8472222222,0.0000000000,0.2638888889,3.0714285714,28.8408655725,2
weak_coupling,51,17608604249606414636,1.0237137653,1,27,2.8452486703,0.0000000000,0.0000000000,0.0000000000,0.0485365149,-15.7001355644,-14.0179781825,28.3735677605,0.2149643400,0.2910012472,0.7188788260,0.0000000000,0.7500000000,0.0000000000,0.0000000000,15.4370427889,0
nominal_trigger,51,17608604249606414636,1.0237137653,1,33,2.4751553561,0.0000000000,0.0000000000,0.0000000000,0.0000000000,-16.4213822385,-14.6619484272,25.6900382507,0.3909743736,0.1779819847,0.6241739432,0.0277777778,0.0138888889,0.6666666667,6.6250000000,16.2481317070,2
robust_reserve,51,17608604249606414636,1.0237137653,1,62,1.1256180829,0.4790834455,0.0000000000,0.0141435086,0.4184094941,-11.6319861405,-11.6319861405,15.8511410070,0.6996770250,0.3945087702,0.3741291622,0.8611111111,0.0000000000,0.2083333333,4.1818181818,32.7937650069,3
full_rvcim,51,17608604249606414636,1.0237137653,0,72,0.6663095279,0.6120592477,0.0000000000,0.0000000000,0.6484156945,25.2405737856,1.1856532038,12.2710063161,0.7769912824,0.5338348255,0.2942053228,1.0000000000,0.0000000000,0.0000000000,3.0000000000,49.5639174243,1
weak_coupling,52,14190298133169333235,1.0112987434,1,22,3.1901962324,0.0000000000,0.0000000000,0.0000000000,0.0000000000,-15.8923858987,-14.1896302667,22.5074436265,0.2118577164,0.2242695927,0.7836851829,0.0000000000,0.8333333333,0.0000000000,0.0000000000,10.0109515504,0
nominal_trigger,52,14190298133169333235,1.0112987434,1,26,2.9319942574,0.0000000000,0.0000000000,0.0000000000,0.0000000000,-16.9570420258,-15.1402160944,21.3628642103,0.3905480172,0.0871658425,0.7257204289,0.0000000000,0.0555555556,0.6944444444,7.0000000000,10.1571656695,2
robust_reserve,52,14190298133169333235,1.0112987434,1,33,2.0694532080,0.2212986071,0.0000000000,0.2114668008,0.3855577246,-12.2321490388,-12.2321490388,14.4221446942,0.7017475894,0.3165865775,0.4589904672,0.3888888889,0.0000000000,0.5972222222,4.4444444444,12.4300434977,3
full_rvcim,52,14190298133169333235,1.0112987434,1,45,1.5581231077,0.4265806596,0.0000000000,0.3543636318,0.6091654696,-10.9503159177,-10.9503159177,12.2635575605,0.7760160093,0.4723347958,0.3815527346,0.5694444444,0.0000000000,0.4166666667,3.5000000000,20.4180263701,2
weak_coupling,53,15780020407043443281,0.9645237027,1,24,2.8688995370,0.0000000000,0.0000000000,0.0000000000,0.0000000000,-17.0623357825,-15.2342283772,27.6786017125,0.2110040076,0.1792242595,0.6897949103,0.0000000000,0.7916666667,0.0000000000,0.0000000000,9.9461629034,0
nominal_trigger,53,15780020407043443281,0.9645237027,1,24,2.6207933599,0.0000000000,0.0000000000,0.0000000000,0.0000000000,-18.5131934404,-16.5296370004,25.2583674276,0.3796912829,0.1496909888,0.5954881541,0.0000000000,0.0555555556,0.6388888889,8.0000000000,9.2532293783,2
robust_reserve,53,15780020407043443281,0.9645237027,1,69,0.8360946306,0.5940418990,0.0000000000,0.0095531927,0.4658316072,-3.8967509358,-8.8741455592,14.9471111818,0.7026660926,0.4466897290,0.3305096837,0.9583333333,0.0000000000,0.0972222222,4.8000000000,31.2175312339,1
full_rvcim,53,15780020407043443281,0.9645237027,0,72,0.5267618482,0.7147669693,0.0000000000,0.0000000000,0.7442341794,25.2176281851,0.5430033728,11.6430998290,0.7800713106,0.6100914666,0.2616114118,1.0000000000,0.0000000000,0.0000000000,3.0000000000,42.5194207168,1
weak_coupling,54,9601548769608339094,0.8942310843,1,22,3.2817345861,0.0000000000,0.0000000000,0.0000000000,0.0000000000,-15.6334443917,-13.9584324926,28.0224157079,0.2122445107,0.2189070784,0.8325287094,0.0000000000,0.9166666667,0.0000000000,0.0000000000,7.9479842729,0
nominal_trigger,54,9601548769608339094,0.8942310843,1,23,3.0914166328,0.0000000000,0.0000000000,0.0000000000,0.0000000000,-16.6147640079,-14.8346107214,26.4701761393,0.3957862843,0.0680335002,0.7693175162,0.0000000000,0.1111111111,0.7083333333,7.0000000000,7.4081748226,2
robust_reserve,54,9601548769608339094,0.8942310843,1,32,2.1188346926,0.1917132900,0.0000000000,0.3238459326,0.3581642292,-11.8205925233,-11.8205925233,16.3910722858,0.7048463212,0.3289719321,0.4763806110,0.2638888889,0.0000000000,0.6250000000,4.2222222222,5.3412896008,3
full_rvcim,54,9601548769608339094,0.8942310843,1,43,1.6481133893,0.3839069137,0.0000000000,0.4338263710,0.6398123209,-10.7032995004,-10.7032995004,13.1030737771,0.7773306131,0.4728588573,0.4029215802,0.5277777778,0.0000000000,0.5277777778,3.2727272727,10.8466630365,3
weak_coupling,55,91784768985411046,0.9344789057,1,30,2.6910954832,0.0000000000,0.0000000000,0.0000000000,0.1426470904,-15.6763588741,-13.9967489948,23.5140592426,0.2170579002,0.3349385500,0.6760931256,0.0000000000,0.7777777778,0.0000000000,0.0000000000,10.8647809774,0
nominal_trigger,55,91784768985411046,0.9344789057,1,30,2.4732157606,0.0000000000,0.0000000000,0.0000000000,0.0000000000,-16.3975401628,-14.6406608596,22.0943926923,0.3928678440,0.2262393769,0.6109890833,0.0000000000,0.0277777778,0.6527777778,6.2500000000,10.6114869699,2
robust_reserve,55,91784768985411046,0.9344789057,1,53,1.2688231661,0.4913048377,0.0000000000,0.0660478529,0.5504238592,-11.7023413140,-11.7023413140,14.8179447057,0.7028992756,0.4639936525,0.3877189871,0.7361111111,0.0000000000,0.3472222222,3.9090909091,23.8459120785,3
full_rvcim,55,91784768985411046,0.9344789057,0,72,0.6944202861,0.6158634645,0.0000000000,0.0000000000,0.7157494195,9.9199451768,-7.0899258388,12.2743893657,0.7783294169,0.5778087300,0.3391461961,1.0000000000,0.0000000000,0.0833333333,3.5714285714,42.4364382032,1
weak_coupling,56,5546756898015035542,1.0862245617,1,28,2.7947641172,0.0000000000,0.0000000000,0.0000000000,0.0826710198,-15.8407712271,-14.1435457385,25.7301136225,0.2141540457,0.3143566664,0.7272977737,0.0000000000,0.6944444444,0.0000000000,0.0000000000,8.9178474591,0
nominal_trigger,56,5546756898015035542,1.0862245617,1,32,2.4806799992,0.0000000000,0.0000000000,0.0000000000,0.0000000000,-16.6364517994,-14.8539748209,23.9477656370,0.3898524771,0.2262043054,0.6430787739,0.0416666667,0.0000000000,0.6388888889,7.5000000000,8.7876834529,2
robust_reserve,56,5546756898015035542,1.0862245617,0,72,0.8291305206,0.5640326648,0.0000000000,0.0000000000,0.6048422244,12.3152392847,-11.0289633617,14.9059718637,0.7048911760,0.4576993775,0.3760247504,1.0000000000,0.0000000000,0.4166666667,4.0000000000,52.3828518607,3
full_rvcim,56,5546756898015035542,1.0862245617,0,72,0.6671163622,0.6452705821,0.0000000000,0.0000000000,0.7766216865,30.8135265269,-5.9979827258,12.3901812736,0.7789927941,0.6097498618,0.3382829574,1.0000000000,0.0000000000,0.0694444444,3.3000000000,71.0099962116,1
weak_coupling,57,6789875962152772660,1.0450717620,1,29,2.8285518452,0.0000000000,0.0000000000,0.0000000000,0.0478572541,-15.6325438383,-13.9576284271,27.5852084818,0.2158948853,0.3005016377,0.7445889994,0.0000000000,0.7361111111,0.0000000000,0.0000000000,11.1981473134,0
nominal_trigger,57,6789875962152772660,1.0450717620,1,33,2.5555600783,0.0000000000,0.0000000000,0.0000000000,0.0000000000,-16.1939598416,-14.4588927157,26.1221321911,0.3920887890,0.2093719098,0.6816078380,0.0138888889,0.0138888889,0.6250000000,6.7500000000,11.3550534096,2
robust_reserve,57,6789875962152772660,1.0450717620,1,47,1.4728347960,0.4270300877,0.0000000000,0.1478612043,0.5878618701,-11.2157121351,-11.3578425886,16.4409786849,0.7055381263,0.4598899523,0.4188594810,0.5833333333,0.0000000000,0.4722222222,4.2222222222,24.4249735376,3
full_rvcim,57,6789875962152772660,1.0450717620,1,62,1.0597931911,0.5227886440,0.0000000000,0.0945702546,0.7215830174,-9.4245100275,-10.4005614475,13.5136382295,0.7783391199,0.5719570131,0.3980465215,0.8611111111,0.0000000000,0.2777777778,3.3125000000,35.3900025243,2
weak_coupling,58,14998955215364058729,0.9644028902,1,25,3.1637251673,0.0000000000,0.0000000000,0.0000000000,0.1460590289,-15.1002151160,-13.4823349250,28.7389580224,0.2175066454,0.3320092460,0.8264887971,0.0000000000,0.9027777778,0.0000000000,0.0000000000,3.1942411911,0
nominal_trigger,58,14998955215364058729,0.9644028902,1,26,2.9102928545,0.0000000000,0.0000000000,0.0000000000,0.0000000000,-15.5960034073,-13.9250030422,26.2946049591,0.4081266918,0.1682759381,0.7387771929,0.0000000000,0.0972222222,0.7222222222,6.5000000000,3.2041874754,2
robust_reserve,58,14998955215364058729,0.9644028902,1,42,1.6948057832,0.3439723974,0.0000000000,0.3183542705,0.7102602786,-11.1994329029,-11.1994329029,15.6849432994,0.7105953635,0.5246379641,0.4209504973,0.4861111111,0.0000000000,0.6527777778,3.9230769231,9.8292297193,3
full_rvcim,58,14998955215364058729,0.9644028902,1,56,1.2443929750,0.4733298761,0.0000000000,0.2863745223,0.8238209701,-9.9711446514,-9.9815223649,12.9946696076,0.7802395385,0.6171247633,0.3816225834,0.7083333333,0.0000000000,0.4166666667,3.0555555556,22.2904071374,2
weak_coupling,59,2653648801624207896,1.0090671630,1,28,2.6972784340,0.0000000000,0.0000000000,0.0000000000,0.0000000000,-16.2871727131,-14.5421184938,21.0648752106,0.2143154255,0.2657613053,0.7438329946,0.0000000000,0.6944444444,0.0000000000,0.0000000000,10.2179715296,0
nominal_trigger,59,2653648801624207896,1.0090671630,1,29,2.4676256519,0.0000000000,0.0000000000,0.0000000000,0.0000000000,-17.4964213748,-15.6218047990,19.8287074674,0.3864036253,0.2206628512,0.6581028711,0.0000000000,0.0138888889,0.6111111111,7.2500000000,10.7839156530,2
robust_reserve,59,2653648801624207896,1.0090671630,0,72,0.7964109649,0.5207351407,0.0000000000,0.0000000000,0.5357660595,2.1851767199,-12.2425140603,13.7387612008,0.7030851722,0.4748706130,0.3784187975,0.9861111111,0.0000000000,0.2083333333,4.2631578947,38.6222191121,1
full_rvcim,59,2653648801624207896,1.0090671630,0,72,0.4622765382,0.6725897256,0.0000000000,0.0000000000,0.8033627163,34.0335630027,-0.9772954052,11.2430545421,0.7802325402,0.6370120800,0.2862417247,1.0000000000,0.0000000000,0.0138888889,3.6666666667,77.0873117920,1
weak_coupling,60,4679532255542250076,0.8746825480,1,28,2.8178745795,0.0000000000,0.0000000000,0.0000000000,0.1742194570,-14.9563511285,-13.3538849362,29.2871721217,0.2194514442,0.3548670639,0.7658714121,0.0000000000,0.8611111111,0.0000000000,0.0000000000,8.6627591870,0
nominal_trigger,60,4679532255542250076,0.8746825480,1,29,2.5732191719,0.0000000000,0.0000000000,0.0000000000,0.0000000000,-15.3984107014,-13.7485809834,26.9419652898,0.4002081420,0.2021248730,0.6818857320,0.0000000000,0.0972222222,0.6388888889,6.2500000000,8.8482800061,2
robust_reserve,60,4679532255542250076,0.8746825480,1,45,1.4920048331,0.3924692056,0.0000000000,0.0996845780,0.4735261020,-11.0651103702,-11.0651103702,16.6402218729,0.7039745182,0.3993464377,0.4357493046,0.6250000000,0.0000000000,0.4166666667,4.0909090909,16.8452382131,3
full_rvcim,60,4679532255542250076,0.8746825480,1,59,1.0430977197,0.5116505179,0.0000000000,0.0945469344,0.6317518414,-9.9789998014,-10.0475175267,13.4608414138,0.7775465235,0.5226512512,0.4012686400,0.8055555556,0.0000000000,0.2500000000,3.0714285714,24.3298113395,2
weak_coupling,61,5991474500840023172,1.0557453711,1,23,3.0041851943,0.0000000000,0.0000000000,0.0000000000,0.0000000000,-19.7864338017,-17.6664587515,24.8617377108,0.1947133145,0.0403441972,0.7903101678,0.0000000000,0.8611111111,0.0000000000,0.0000000000,16.0749896610,0
nominal_trigger,61,5991474500840023172,1.0557453711,1,24,2.7740449167,0.0000000000,0.0000000000,0.0000000000,0.0000000000,-22.9709036342,-20.5097353877,23.1104008641,0.3617176501,-0.0213159995,0.6985801244,0.0000000000,0.0972222222,0.6666666667,9.6250000000,14.3529274751,2
robust_reserve,61,5991474500840023172,1.0557453711,1,47,1.5072456115,0.3708553419,0.0000000000,0.0382112938,0.0504917095,-16.0906711455,-16.0906711455,14.4170498629,0.6880445170,0.1457952200,0.3831340154,0.6388888889,0.0000000000,0.5694444444,5.3913043478,19.3116316625,3
full_rvcim,61,5991474500840023172,1.0557453711,0,72,0.7636835633,0.5670464301,0.0000000000,0.0000000000,0.3485615091,23.6732302523,-11.0572439798,11.9197315374,0.7710923388,0.3585384506,0.3165516756,1.0000000000,0.0000000000,0.1666666667,4.4375000000,50.3979209055,1
weak_coupling,62,12057428588756079552,1.1271728540,1,23,3.1672286874,0.0000000000,0.0000000000,0.0000000000,0.0000000000,-20.0849785004,-17.9726753452,30.4585891557,0.1881920789,0.0290750883,0.8779391223,0.0000000000,0.9027777778,0.0000000000,0.0000000000,6.3878967179,0
nominal_trigger,62,12057428588756079552,1.1271728540,1,23,3.0891149525,0.0000000000,0.0000000000,0.0000000000,0.0000000000,-22.8230163655,-20.3776931835,29.9931314338,0.3545107656,0.0163871933,0.8501460432,0.0000000000,0.0694444444,0.6944444444,10.7500000000,5.8523262391,2
robust_reserve,62,12057428588756079552,1.1271728540,1,43,1.6865318711,0.2758882171,0.0000000000,0.0423986750,0.3655399659,-16.2102532979,-16.2102532979,15.7298153543,0.7049644779,0.3138687938,0.4341969497,0.5694444444,0.0000000000,0.8194444444,5.3636363636,17.9231388307,3
full_rvcim,62,12057428588756079552,1.1271728540,1,44,1.8258957628,0.2319300688,0.0000000000,0.0000000000,0.3991107622,-13.3380802221,-13.3380802221,14.4087966350,0.7713065311,0.4626529678,0.4859618801,0.5972222222,0.0000000000,0.7083333333,4.4473684211,19.0961144457,1
weak_coupling,63,1580365064330060231,0.9291375089,1,33,2.6765451055,0.0000000000,0.0000000000,0.0000000000,0.1148370247,-15.3707953078,-13.7239243820,24.9112845714,0.2191023443,0.3437200245,0.7164713348,0.0000000000,0.7361111111,0.0000000000,0.0000000000,13.3041766828,0
nominal_trigger,63,1580365064330060231,0.9291375089,1,34,2.4646069491,0.0000000000,0.0000000000,0.0000000000,0.0000000000,-16.1032900755,-14.3779375674,23.4520514803,0.3964047935,0.2055329678,0.6453097357,0.0000000000,0.0138888889,0.6250000000,6.2500000000,13.2276170415,2
robust_reserve,63,1580365064330060231,0.9291375089,1,57,1.1972690768,0.4852073648,0.0000000000,0.0102309315,0.2986310153,-11.5262261224,-11.5262261224,15.0581151980,0.6980675680,0.3208515487,0.3841167960,0.7638888889,0.0000000000,0.2638888889,4.0000000000,29.7065556025,3
full_rvcim,63,1580365064330060231,0.9291375089,0,72,0.6829294084,0.6095042276,0.0000000000,0.0000000000,0.4915157935,5.8331743198,-7.9288711359,12.2761103205,0.7747831784,0.4460586676,0.3255651696,1.0000000000,0.0000000000,0.0833333333,3.5000000000,47.6841310658,1
