arm,episode,t,true_boundary,pressure,observed_pressure,biosphere,institution,trust,justice,policy,support,audit,mode,mode_name,estimated_cr,hidden_cr,attempted_capture,effective_capture,cooperation_rate,defective_rate,performative_gap,backlash,irreversible
weak_coupling,0,0,0.9429685093,0.3254091441,0.2704278385,0.8153728994,0.6006648618,0.6753798070,0.6631225696,0.0485000000,0.0700000000,0.0733284000,0,adaptive_normal,192.9921524884,28.8358087288,1.0195685121,0.8515054582,0.1186297035,0.8813702965,0.5380280470,0.0227584590,0
weak_coupling,0,1,0.9429685093,0.3451033338,0.2092484118,0.8088867038,0.5608610399,0.6498152962,0.6454041005,0.0471758398,0.0700000000,0.0811222811,0,adaptive_normal,210.3756044774,22.5637565822,1.0284914920,0.8523981588,0.0281858580,0.9718141420,0.5687789418,0.0221164609,0
weak_coupling,0,2,0.9429685093,0.3645269232,0.3133790859,0.8018554600,0.5212850555,0.6242907560,0.6275797354,0.0459982311,0.0700000000,0.0879655134,0,adaptive_normal,25.7382321616,18.7654553849,1.0245259841,0.8435814678,0.0364922313,0.9635077687,0.5654228411,0.0215455159,0
weak_coupling,0,3,0.9429685093,0.3785481754,0.3659263341,0.7970844372,0.4919989869,0.6054768180,0.6153422956,0.0449444029,0.0700000000,0.0940174229,0,adaptive_normal,9.3933763721,20.5345555212,0.7541844624,0.6174974606,0.2359843603,0.7640156397,0.4794174796,0.0210345839,0
weak_coupling,0,4,0.9429685093,0.4035114213,0.3951972687,0.7891436021,0.4526687403,0.5799215174,0.5974030900,0.0440417226,0.0700000000,0.1000136865,0,adaptive_normal,7.1001118013,13.0756589171,1.0241979837,0.8337115643,0.0221383302,0.9778616698,0.5678875786,0.0205969336,0
weak_coupling,0,5,0.9429685093,0.4242782579,0.4354838411,0.7808961728,0.4135172211,0.5544829531,0.5794886562,0.0431769283,0.0700000000,0.1047513037,0,adaptive_normal,3.3457375481,10.9708066450,1.0213604513,0.8279484791,0.0275004310,0.9724995690,0.5633236777,0.0201776518,0
weak_coupling,0,6,0.9429685093,0.4477733075,0.4097783340,0.7745335642,0.3754159208,0.5302593231,0.5632838104,0.0423851639,0.0700000000,0.1089547673,0,adaptive_normal,25.8344967363,8.0945265694,1.0188072593,0.8229282488,0.0230351154,0.9769648846,0.5603392649,0.0197937773,0
weak_coupling,0,7,0.9429685093,0.4774553149,0.3751432931,0.7686488327,0.3355499051,0.4822091940,0.5463809972,0.0416544794,0.0700000000,0.1126925681,0,adaptive_normal,162.5662208627,3.8983726264,1.0181462413,0.8198028723,0.0394083249,0.9605916751,0.5532125031,0.0894395165,0
weak_coupling,0,8,0.9429685093,0.4999179882,0.4270602544,0.7595934912,0.2947731622,0.4328851610,0.5273239901,0.0409626925,0.0700000000,0.1159525836,0,adaptive_normal,22.3174378107,3.0737655450,1.0088052574,0.8101658566,0.0724372744,0.9275627256,0.5463543583,0.0891041145,0
weak_coupling,0,9,0.9429685093,0.5215386878,0.4612546507,0.7541811718,0.2556407753,0.3858574750,0.5110838857,0.0403124911,0.0700000000,0.1188602707,0,adaptive_normal,10.8117063570,2.4000653040,1.0026008615,0.8034724095,0.1175892923,0.8824107077,0.5160394236,0.0887888746,0
weak_coupling,0,10,0.9429685093,0.5505976882,0.5217709540,0.7464586124,0.2241398934,0.3426718420,0.4967465391,0.0396962779,0.0700000000,0.1214571428,0,adaptive_normal,0.5627663933,0.5250900390,0.7459118350,0.5966116694,0.2713213701,0.7286786299,0.4507097964,0.0884901134,0
weak_coupling,0,11,0.9429685093,0.5705280013,0.5155341328,0.7374207473,0.1930281607,0.2993164923,0.4820994506,0.0391723331,0.0700000000,0.1240291200,0,adaptive_normal,8.8272232052,0.6195332770,0.7230170949,0.5771471257,0.2791246323,0.7208753677,0.4614759202,0.0882360870,0
weak_coupling,0,12,0.9429685093,0.5898141776,0.6244063432,0.7315704827,0.1765728671,0.2659391378,0.4753306636,0.0386752607,0.0700000000,0.1263515178,0,adaptive_normal,-4.8477345850,1.8940153107,0.3161613081,0.2519427857,0.5616219941,0.4383780059,0.3023143825,0.0879950893,0
weak_coupling,0,13,0.9429685093,0.6136120252,0.5814466164,0.7226967654,0.1446229073,0.2224142984,0.4607165959,0.0383072086,0.0700000000,0.1287781477,0,adaptive_normal,6.2984246280,-1.0678848842,0.7536672020,0.5992624270,0.2255548905,0.7744451095,0.4610879175,0.0878166451,0
weak_coupling,0,14,0.9429685093,0.6382110478,0.6130686456,0.7131063655,0.1042268951,0.1737853858,0.4425114522,0.0378352519,0.0700000000,0.1306424823,0,adaptive_normal,1.2382808111,-3.4528553676,1.0053489678,0.7983977075,0.0597180113,0.9402819887,0.5428989337,0.0875878243,0
weak_coupling,0,15,0.9429685093,0.6586323919,0.6568312028,0.7042196521,0.0728085752,0.1307387537,0.4284449668,0.0373046900,0.0700000000,0.1321464471,0,adaptive_normal,-2.7725228991,-3.0892815863,0.7389267456,0.5864188681,0.2649978331,0.7350021669,0.4605005130,0.0873305898,0
weak_coupling,0,16,0.9429685093,0.6816644201,0.6330344180,0.6951489398,0.0326697091,0.0825957481,0.4110644564,0.0368473944,0.0700000000,0.1336434475,0,adaptive_normal,11.4155672101,-5.2153451435,1.0070826216,0.7985325034,0.0331187982,0.9668812018,0.5476947010,0.0871088772,0
weak_coupling,0,17,0.9429685093,0.7050039521,0.7190081154,0.6847048511,0.0000000000,0.0341855332,0.3926422890,0.0363228200,0.0700000000,0.1348434084,0,adaptive_normal,-7.2883764035,-6.4396743465,0.9990184008,0.7918194056,0.1013127663,0.8986872337,0.5167135927,0.0868545456,0
weak_coupling,0,18,0.9429685093,0.7274687656,0.7217391888,0.6747622250,0.0000000000,0.0000000000,0.3749962995,0.0358044926,0.0700000000,0.1359268143,0,adaptive_normal,-4.5310321898,-7.5165812496,1.0121641810,0.8020529565,0.0000000000,1.0000000000,0.5608498748,0.0866032428,0
weak_coupling,0,19,0.9429685093,0.7600286094,0.7159318825,0.6660144857,0.0000000000,0.0000000000,0.3583253324,0.0353204674,0.0700000000,0.1369584910,0,adaptive_normal,2.0846095848,-9.8317891800,0.9974476346,0.7902209472,0.0860783409,0.9139216591,0.5212628301,0.0863685708,1
weak_coupling,0,20,0.9429685093,0.8002349238,0.7337578192,0.6553812048,0.0000000000,0.0000000000,0.3406947227,0.0348746342,0.0700000000,0.1379516991,0,adaptive_normal,0.4689330707,-12.2414951310,1.0074889051,0.7979980032,0.0096041524,0.9903958476,0.5556574555,0.0861524156,1
weak_coupling,0,21,0.9429685093,0.8362838134,0.8539852911,0.6449532557,0.0000000000,0.0000000000,0.3268859301,0.0344584724,0.0700000000,0.1388985711,0,adaptive_normal,-11.3212413130,-12.6225673781,0.7045584614,0.5579843408,0.3596048534,0.6403951466,0.4196342815,0.0859506461,1
weak_coupling,0,22,0.9429685093,0.8827348829,0.8768990511,0.6340369744,0.0000000000,0.0000000000,0.3097396683,0.0341476312,0.0700000000,0.1399104591,0,adaptive_normal,-12.1715168852,-15.2355678461,0.9792341682,0.7752202856,0.0854780295,0.9145219705,0.5330741775,0.0857999397,1
weak_coupling,0,23,0.9429685093,0.9261648762,0.9142504079,0.6216600177,0.0000000000,0.0000000000,0.2914892257,0.0337909291,0.0700000000,0.1407828336,0,adaptive_normal,-13.1030666935,-16.5156980721,0.9956685336,0.7881694624,0.0875993841,0.9124006159,0.5192947044,0.0856269983,1
weak_coupling,0,24,0.9429685093,0.9740827849,0.8808876214,0.6085238681,0.0000000000,0.0000000000,0.2731789662,0.0334557363,0.0700000000,0.1416121720,0,adaptive_normal,-8.6881775002,-16.9647099421,0.9990850259,0.7908887843,0.0335479588,0.9664520412,0.5430022324,0.0854644854,1
weak_coupling,0,25,0.9429685093,1.0160204609,1.0047465568,0.5944682321,0.0000000000,0.0000000000,0.2544063448,0.0331437494,0.0700000000,0.1424047094,0,adaptive_normal,-15.1504177547,-16.9684678853,1.0002520021,0.7918593324,0.0390448295,0.9609551705,0.5465685342,0.0853132235,1
weak_coupling,0,26,0.9429685093,1.0620370571,1.0346030898,0.5825950749,0.0000000000,0.0000000000,0.2376498831,0.0328538619,0.0700000000,0.1431627605,0,adaptive_normal,-15.1678015633,-16.9879377509,1.0060165996,0.7965153884,0.0000000000,1.0000000000,0.5579955201,0.0851726761,1
weak_coupling,0,27,0.9429685093,1.1047376642,1.0856795683,0.5685784705,0.0000000000,0.0000000000,0.2251235552,0.0325831958,0.0700000000,0.1438865434,0,adaptive_normal,-13.8292953180,-15.4888107561,0.5611965319,0.4443528770,0.3721167159,0.6278832841,0.3813124132,0.0850414479,1
weak_coupling,0,28,0.9429685093,1.1516474154,1.0715325346,0.5545140585,0.0000000000,0.0000000000,0.2073063609,0.0324560783,0.0700000000,0.1446976179,0,adaptive_normal,-15.1388751817,-16.9555402035,0.9967293280,0.7890148380,0.0378503424,0.9621496576,0.5455587758,0.0849798170,1
weak_coupling,0,29,0.9429685093,1.2067635852,1.1230676849,0.5397006379,0.0000000000,0.0000000000,0.1893112839,0.0322166312,0.0700000000,0.1453578488,0,adaptive_normal,-15.1552472577,-16.9738769286,1.0020859989,0.7933904903,0.0089918003,0.9910081997,0.5529596040,0.0848637248,1
weak_coupling,0,30,0.9429685093,1.2544949521,1.2464330375,0.5258923652,0.0000000000,0.0000000000,0.1723328476,0.0319928359,0.0700000000,0.1459882756,0,adaptive_normal,-15.1522558097,-16.9705265069,1.0009614029,0.7926660850,0.0252657820,0.9747342180,0.5468682670,0.0847552212,1
weak_coupling,0,31,0.9429685093,1.2979264450,1.2500891696,0.5118606145,0.0000000000,0.0000000000,0.1609151359,0.0317853859,0.0700000000,0.1465917875,0,adaptive_normal,-13.8775670374,-15.5428750818,0.5773342173,0.4572799011,0.3393277935,0.6606722065,0.3869190605,0.0846546424,1
weak_coupling,0,32,0.9429685093,1.3365696299,1.3114487140,0.4982093659,0.0000000000,0.0000000000,0.1498501362,0.0317164786,0.0700000000,0.1472631433,0,adaptive_normal,-13.8497478696,-15.5117176140,0.5682020145,0.4499784093,0.4105846087,0.5894153913,0.3569876458,0.0846212337,1
weak_coupling,0,33,0.9429685093,1.3838662972,1.3465010587,0.4814486846,0.0000000000,0.0000000000,0.1315240005,0.0316556945,0.0700000000,0.1479028298,0,adaptive_normal,-15.1526881520,-16.9710107302,1.0013238730,0.7928744927,0.0149707410,0.9850292590,0.5497249557,0.0845917635,1
weak_coupling,0,34,0.9429685093,1.4253980113,1.3844990809,0.4672899917,0.0000000000,0.0000000000,0.1184609644,0.0314723991,0.0700000000,0.1484238473,0,adaptive_normal,-14.3565535185,-16.0793399408,0.7365505494,0.5834168285,0.2697504625,0.7302495375,0.4413367399,0.0845028957,1
weak_coupling,0,35,0.9429685093,1.4709797517,1.4679032688,0.4543192527,0.0000000000,0.0000000000,0.1064478125,0.0313808192,0.0700000000,0.1489730272,0,adaptive_normal,-14.3491773473,-16.0710786290,0.7340925347,0.5815014366,0.3088840562,0.6911159438,0.4192877424,0.0844584946,1
weak_coupling,0,36,0.9429685093,1.5151087868,1.4901347093,0.4383394399,0.0000000000,0.0000000000,0.0929409431,0.0312969325,0.0700000000,0.1494966003,0,adaptive_normal,-14.3240915642,-16.0429825519,0.7257661435,0.5749234612,0.2664463166,0.7335536834,0.4517290215,0.0844178235,1
weak_coupling,0,37,0.9429685093,1.5657487956,1.5470880625,0.4207656520,0.0000000000,0.0000000000,0.0785920287,0.0312219249,0.0700000000,0.1499967603,0,adaptive_normal,-14.3559008913,-16.0786089983,0.7362673133,0.5833153909,0.2208022611,0.7791977389,0.4687975463,0.0843814572,1
weak_coupling,0,38,0.9429685093,1.6075659042,1.5754490327,0.4041785253,0.0000000000,0.0000000000,0.0652305096,0.0311494508,0.0700000000,0.1504713561,0,adaptive_normal,-14.3194151709,-16.0377449914,0.7240346786,0.5737342286,0.2711264492,0.7288735508,0.4489238061,0.0843463193,1
weak_coupling,0,39,0.9429685093,1.6607456154,1.5856075279,0.3846971560,0.0000000000,0.0000000000,0.0466115652,0.0310861495,0.0700000000,0.1509253441,0,adaptive_normal,-15.1283941056,-16.9438013982,0.9925514981,0.7866411902,0.0547568417,0.9452431583,0.5383632778,0.0843156286,1
weak_coupling,0,40,0.9429685093,1.7065001785,1.7130597934,0.3649039142,0.0000000000,0.0000000000,0.0278686392,0.0309461764,0.0700000000,0.1513173917,0,adaptive_normal,-15.1189813754,-16.9332591405,0.9889967999,0.7842034455,0.1056087562,0.8943912438,0.5085812816,0.0842477649,1
weak_coupling,0,41,0.9429685093,1.7543967174,1.7340943668,0.3487430489,0.0000000000,0.0000000000,0.0154679425,0.0308172222,0.0700000000,0.1516929500,0,adaptive_normal,-14.3635130964,-16.0871346680,0.7379426262,0.5854322002,0.2503456298,0.7496543702,0.4435244939,0.0841852435,1
weak_coupling,0,42,0.9429685093,1.7888252676,1.7655012771,0.3312633307,0.0000000000,0.0000000000,0.0025911292,0.0307747363,0.0700000000,0.1520867243,0,adaptive_normal,-14.3352860432,-16.0555203684,0.7284613499,0.5780159538,0.2522617412,0.7477382588,0.4612517284,0.0841646448,1
weak_coupling,0,43,0.9429685093,1.8263592420,1.7738247317,0.3130240144,0.0000000000,0.0000000000,0.0000000000,0.0307383690,0.0700000000,0.1524630592,0,adaptive_normal,-15.0444558610,-16.8497905643,0.9634569929,0.7646497982,0.1503796528,0.8496203472,0.4981843184,0.0841470127,1
weak_coupling,0,44,0.9429685093,1.8716956356,1.9189565932,0.2930628353,0.0000000000,0.0000000000,0.0000000000,0.0306320120,0.0700000000,0.1527921463,0,adaptive_normal,-15.1506873141,-16.9687697918,0.9989328265,0.7926352974,0.0250544237,0.9749455763,0.5447209908,0.0840954472,1
weak_coupling,0,45,0.9429685093,1.9150302686,1.9400022108,0.2752824749,0.0000000000,0.0000000000,0.0000000000,0.0305223901,0.0700000000,0.1531026594,0,adaptive_normal,-13.5612683822,-15.1886205880,0.4719918714,0.3743979276,0.4714772405,0.5285227595,0.3609486971,0.0840422988,1
weak_coupling,0,46,0.9429685093,1.9674743254,1.8613913300,0.2552835244,0.0000000000,0.0000000000,0.0000000000,0.0305855384,0.0700000000,0.1534599957,0,adaptive_normal,-15.1486937659,-16.9665370178,0.9989795269,0.7921237243,0.0155830931,0.9844169069,0.5473719211,0.0840729152,1
weak_coupling,0,47,0.9429685093,2.0037848360,1.9747972083,0.2353405092,0.0000000000,0.0000000000,0.0000000000,0.0304794584,0.0700000000,0.1537418093,0,adaptive_normal,-13.8395089005,-15.5002499686,0.5646887053,0.4476311673,0.3886327723,0.6113672277,0.3645746775,0.0840214840,1
weak_coupling,0,48,0.9429685093,2.0517672171,2.0141293144,0.2145587867,0.0000000000,0.0000000000,0.0000000000,0.0305171214,0.0700000000,0.1540564707,0,adaptive_normal,-15.1246643425,-16.9396240636,0.9916403384,0.7858193961,0.0446731590,0.9553268410,0.5402693520,0.0840397443,1
weak_coupling,0,49,0.9429685093,2.1027206709,2.0762522485,0.1936603177,0.0000000000,0.0000000000,0.0000000000,0.0304184466,0.0700000000,0.1543133659,0,adaptive_normal,-15.1303549859,-16.9459975842,0.9938259703,0.7873446312,0.0314594801,0.9685405199,0.5467269686,0.0839919034,1
weak_coupling,0,50,0.9429685093,2.1466224554,2.0615098274,0.1742828569,0.0000000000,0.0000000000,0.0000000000,0.0303262746,0.0700000000,0.1545589794,0,adaptive_normal,-14.3505733837,-16.0726421897,0.7350222004,0.5821648184,0.2742578107,0.7257421893,0.4367893619,0.0839472153,1
weak_coupling,0,51,0.9429685093,2.1854570085,2.1349055210,0.1538961271,0.0000000000,0.0000000000,0.0000000000,0.0303224472,0.0700000000,0.1548172836,0,adaptive_normal,-14.3314437092,-16.0512169543,0.7288628968,0.5771317679,0.3127907791,0.6872092209,0.4186520337,0.0839453596,1
weak_coupling,0,52,0.9429685093,2.2348542432,2.1635779915,0.1329198577,0.0000000000,0.0000000000,0.0000000000,0.0303209160,0.0700000000,0.1550638697,0,adaptive_normal,-13.8619224301,-15.5253531217,0.5729676147,0.4535739663,0.3523098667,0.6476901333,0.3813947024,0.0839446173,1
weak_coupling,0,53,0.9429685093,2.2678858411,2.2530209553,0.1105760276,0.0000000000,0.0000000000,0.0000000000,0.0303687193,0.0700000000,0.1553114507,0,adaptive_normal,-13.8820957867,-15.5479472811,0.5798069525,0.4588693263,0.3213910946,0.6786089054,0.3918202818,0.0839677939,1
weak_coupling,0,54,0.9429685093,2.3203735556,2.3145625019,0.0905187245,0.0000000000,0.0000000000,0.0000000000,0.0304106528,0.0700000000,0.1555460943,0,adaptive_normal,-13.0099009965,-14.5710891161,0.2898455781,0.2293326111,0.6312852304,0.3687147696,0.2660328817,0.0839881247,1
weak_coupling,0,55,0.9429685093,2.3691767116,2.3318409442,0.0663348471,0.0000000000,0.0000000000,0.0000000000,0.0305403028,0.0700000000,0.1557903273,0,adaptive_normal,-15.1040966284,-16.9165882238,0.9865763920,0.7804003328,0.0885766743,0.9114233257,0.5161458001,0.0840509835,1
weak_coupling,0,56,0.9429685093,2.4052734180,2.3452271838,0.0437533959,0.0000000000,0.0000000000,0.0000000000,0.0304420929,0.0700000000,0.1559727561,0,adaptive_normal,-13.8352657078,-15.4954975927,0.5645980448,0.4465250259,0.4227695261,0.5772304739,0.3508897802,0.0840033679,1
weak_coupling,0,57,0.9429685093,2.4571880291,2.3901940741,0.0214533534,0.0000000000,0.0000000000,0.0000000000,0.0304831415,0.0700000000,0.1561753396,0,adaptive_normal,-15.1242549581,-16.9391655530,0.9936970395,0.7857212012,0.0382695408,0.9617304592,0.5369657368,0.0840232697,1
weak_coupling,0,58,0.9429685093,2.5088832403,2.4353900513,0.0000000000,0.0000000000,0.0000000000,0.0000000000,0.0303869531,0.0700000000,0.1563406601,0,adaptive_normal,-15.1164746625,-16.9304516220,0.9913074800,0.7837007545,0.0565139038,0.9434860962,0.5364893505,0.0839766343,1
weak_coupling,0,59,0.9429685093,2.5588676115,2.5710252279,0.0000000000,0.0000000000,0.0000000000,0.0000000000,0.0302984951,0.0700000000,0.1564989909,0,adaptive_normal,-15.1276662218,-16.9429861684,0.9952236538,0.7866707312,0.0373727555,0.9626272445,0.5407004721,0.0839337468,1
weak_coupling,0,60,0.9429685093,2.5986346927,2.6008435607,0.0000000000,0.0000000000,0.0000000000,0.0000000000,0.0302152281,0.0700000000,0.1566502557,0,adaptive_normal,-13.0755249381,-14.6445879307,0.3120954893,0.2466569238,0.5802020927,0.4197979073,0.2768501109,0.0838933762,1
weak_coupling,0,61,0.9429685093,2.6531522924,2.5950611171,0.0000000000,0.0000000000,0.0000000000,0.0000000000,0.0303542230,0.0700000000,0.1568327347,0,adaptive_normal,-15.1079799216,-16.9209375122,0.9889940500,0.7814744835,0.0499710327,0.9500289673,0.5337569951,0.0839607656,1
weak_coupling,0,62,0.9429685093,2.6942260184,2.6079219450,0.0000000000,0.0000000000,0.0000000000,0.0000000000,0.0302690093,0.0700000000,0.1569699223,0,adaptive_normal,-12.2941023003,-13.7693945763,0.0519001103,0.0410042915,0.7820552456,0.2179447544,0.2000426261,0.0839194511,1
weak_coupling,0,63,0.9429685093,2.7441703919,2.7046545890,0.0000000000,0.0000000000,0.0000000000,0.0000000000,0.0304856777,0.0700000000,0.1571479898,0,adaptive_normal,-14.3055685173,-16.0222367394,0.7219526976,0.5702766892,0.2779492657,0.7220507343,0.4452295338,0.0840244993,1
weak_coupling,0,64,0.9429685093,2.7849368127,2.7017037549,0.0000000000,0.0000000000,0.0000000000,0.0000000000,0.0304744058,0.0700000000,0.1572840895,0,adaptive_normal,-15.0735790406,-16.8824085255,0.9779565385,0.7723878855,0.1342722011,0.8657277989,0.4940033090,0.0840190344,1
weak_coupling,0,65,0.9429685093,2.8346824351,2.8026867614,0.0000000000,0.0000000000,0.0000000000,0.0000000000,0.0303841162,0.0700000000,0.1574022402,0,adaptive_normal,-13.8587294108,-15.5217769401,0.5732727679,0.4527159582,0.3655866666,0.6344133334,0.3776082769,0.0839752589,1
weak_coupling,0,66,0.9429685093,2.8878357029,2.8425265868,0.0000000000,0.0000000000,0.0000000000,0.0000000000,0.0304272818,0.0700000000,0.1575325813,0,adaptive_normal,-15.0905988753,-16.9014707403,0.9838952400,0.7768800168,0.1232891889,0.8767108111,0.5012113145,0.0839961870,1
weak_coupling,0,67,0.9429685093,2.9370246300,2.8776745568,0.0000000000,0.0000000000,0.0000000000,0.0000000000,0.0303386196,0.0700000000,0.1576396912,0,adaptive_normal,-13.8451984327,-15.5066222447,0.5689185890,0.4491679451,0.3743147825,0.6256852175,0.3722947296,0.0839532005,1
weak_coupling,0,68,0.9429685093,2.9912924764,2.9433612020,0.0000000000,0.0000000000,0.0000000000,0.0000000000,0.0303867818,0.0700000000,0.1577582937,0,adaptive_normal,-15.1219426101,-16.9365757233,0.9945864389,0.7851397361,0.0341118893,0.9658881107,0.5416259410,0.0839765512,1
weak_coupling,0,69,0.9429685093,3.0385411949,3.0571591242,0.0000000000,0.0000000000,0.0000000000,0.0000000000,0.0302977649,0.0700000000,0.1578552196,0,adaptive_normal,-13.0694612906,-14.6377966455,0.3104352177,0.2450380596,0.6029612135,0.3970387865,0.2673899374,0.0839333928,1
weak_coupling,0,70,0.9429685093,3.0868712782,3.0304717304,0.0000000000,0.0000000000,0.0000000000,0.0000000000,0.0304305573,0.0700000000,0.1579721289,0,adaptive_normal,-15.0825410492,-16.8924459751,0.9816550237,0.7747586168,0.1150685912,0.8849314088,0.5056789642,0.0839977751,1
weak_coupling,0,71,0.9429685093,3.1294068200,3.1067010588,0.0000000000,0.0000000000,0.0000000000,0.0000000000,0.0303424989,0.0700000000,0.1580602478,0,adaptive_normal,-15.1139993129,-16.9276792305,0.9922621960,0.7830618247,0.0540155704,0.9459844296,0.5341933958,0.0839550814,1
nominal_trigger,0,0,0.9429685093,0.3250645574,0.2836324949,0.8153966308,0.6057981676,0.6777514805,0.6650889987,0.0776000000,0.1000000000,0.1370052000,0,adaptive_normal,190.8304320579,30.9969139104,1.0790859518,0.7337586956,0.1186297035,0.8813702965,0.5649113790,0.0317249847,0
nominal_trigger,0,1,0.9429685093,0.3444674191,0.2222211144,0.8089201231,0.5711649522,0.6545796140,0.6493737385,0.0755554081,0.1000000000,0.1471088945,0,adaptive_normal,208.2962003439,24.8209253023,1.0871993820,0.7338276207,0.0281858580,0.9718141420,0.5961668180,0.0308132183,0
nominal_trigger,0,2,0.9429685093,0.3636130370,0.3259384721,0.8019021532,0.5367150137,0.6314480696,0.6335496411,0.0737978081,0.1000000000,0.1557156953,0,adaptive_normal,22.9905129864,21.0587621751,1.0819483439,0.7259682175,0.0364922313,0.9635077687,0.5916117120,0.0300294332,0
nominal_trigger,0,3,0.9429685093,0.3773085896,0.3745326758,0.7971664643,0.5111961617,0.6144058731,0.6226945111,0.0722748728,0.1000000000,0.1630992491,0,adaptive_normal,10.5707013424,22.8533455709,0.7958299798,0.5314309751,0.2359843603,0.7640156397,0.5000043676,0.0293502947,0
nominal_trigger,0,4,0.9429685093,0.4018724335,0.4068092438,0.7892970225,0.4769171531,0.5912785474,0.6067492822,0.0710237272,0.1000000000,0.1700632299,0,adaptive_normal,7.6710236016,15.4627330722,1.0798493972,0.7175361278,0.0322220129,0.9677779871,0.5893188902,0.0287923581,0
nominal_trigger,0,5,0.9429685093,0.4224009705,0.4467015263,0.7810695772,0.4427432785,0.5682087690,0.5908090093,0.0698414923,0.1000000000,0.1755029860,0,adaptive_normal,4.3670226318,13.3104518440,1.0765822785,0.7131932866,0.0275004310,0.9724995690,0.5873804102,0.0282651517,0
nominal_trigger,0,6,0.9429685093,0.4454258087,0.4204533498,0.7748215589,0.4096207589,0.5464548399,0.5765917965,0.0687857619,0.1000000000,0.1801971660,0,adaptive_normal,26.2048734468,10.4779996824,1.0710677572,0.7078519356,0.0380058564,0.9619941436,0.5768141697,0.0277943587,0
nominal_trigger,0,7,0.9429685093,0.4693821502,0.3933754584,0.7707492305,0.3896117592,0.5337153270,0.5688639259,0.0678338923,0.1000000000,0.1842649824,0,adaptive_normal,160.1673754705,9.2493130482,0.6195877825,0.4086521728,0.3554373186,0.6445626814,0.4017739340,0.0273698815,0
nominal_trigger,0,8,0.9429685093,0.4915721343,0.4313950320,0.7617751154,0.3558192728,0.5110201539,0.5529822426,0.0671439819,0.1000000000,0.1883381028,0,adaptive_normal,30.7218283074,6.6719658362,1.0626012439,0.6989492731,0.0724372744,0.9275627256,0.5684399671,0.0270622225,0
nominal_trigger,0,9,0.9429685093,0.5129136758,0.4651404067,0.7564554301,0.3236324716,0.4906108309,0.5398901542,0.0663369999,0.1000000000,0.1914035045,0,adaptive_normal,14.8017884890,5.6864380988,1.0558163014,0.6938191403,0.1175892923,0.8824107077,0.5362564222,0.0267023565,0
nominal_trigger,0,10,0.9429685093,0.5415611537,0.5220107013,0.7488874563,0.2957419157,0.4491945605,0.5268854058,0.0655868834,0.1000000000,0.1940790629,0,adaptive_normal,3.3258723763,3.3452088863,0.7842565476,0.5148944658,0.2766834709,0.7233165291,0.4647256855,0.0963678492,0
nominal_trigger,0,11,0.9429685093,0.5611878564,0.5150815676,0.7399580886,0.2680375917,0.4074811940,0.5134951852,0.0649656885,0.1000000000,0.1965753751,0,adaptive_normal,12.7026317561,3.3769903111,0.7611407491,0.4993315431,0.2791246323,0.7208753677,0.4790169966,0.0960908332,0
nominal_trigger,0,12,0.9429685093,0.5800750801,0.6185228171,0.7342581807,0.2530659260,0.3748788350,0.5071033767,0.0643836354,0.1000000000,0.1987710078,0,adaptive_normal,-2.7246436752,4.4660821683,0.3327940170,0.2182197610,0.5616219941,0.4383780059,0.3113191392,0.0958312721,0
nominal_trigger,0,13,0.9429685093,0.5997041526,0.5848057672,0.7266936833,0.2325662763,0.3382498653,0.4975116055,0.0640118489,0.1000000000,0.2009568815,0,adaptive_normal,7.8179072917,3.4230217390,0.5088425606,0.3332558177,0.4463571515,0.5536428485,0.3858382686,0.0956654775,0
nominal_trigger,0,14,0.9429685093,0.6240514648,0.6109921127,0.7172341022,0.1966823606,0.2918275769,0.4811189155,0.0635792482,0.1000000000,0.2027837170,0,adaptive_normal,3.9167275180,-0.0607543405,1.0584031494,0.6927931933,0.0597180113,0.9402819887,0.5642504878,0.0954725633,0
nominal_trigger,0,15,0.9429685093,0.6441724866,0.6511998962,0.7085007473,0.1685119862,0.2504080487,0.4682964668,0.0629212878,0.1000000000,0.2041341779,0,adaptive_normal,-0.1317791482,0.0466276221,0.7777705933,0.5093958846,0.2649978331,0.7350021669,0.4778454545,0.0951791521,0
nominal_trigger,0,16,0.9429685093,0.6669845597,0.6303126916,0.6995591078,0.1327496283,0.2044397343,0.4527047526,0.0623893279,0.1000000000,0.2054325301,0,adaptive_normal,14.2708635135,-2.1398967729,1.0599181458,0.6943564271,0.0331187982,0.9668812018,0.5692306782,0.0949419296,0
nominal_trigger,0,17,0.9429685093,0.6862144736,0.7200696036,0.6904404348,0.1066170113,0.1876882139,0.4410174249,0.0617403549,0.1000000000,0.2064752288,1,precaution,-4.9950598856,-1.8730620562,0.7679911617,0.5034976498,0.3221150273,0.6778849727,0.4447794885,0.0246525263,0
nominal_trigger,0,18,0.9429685093,0.7084683554,0.7146543293,0.6806593121,0.0725517357,0.1656363762,0.4264083933,0.0612379372,0.1000000000,0.2075059305,1,precaution,-1.5807944742,-4.0225320987,1.0651542666,0.6985680744,0.0000000000,1.0000000000,0.5830357869,0.0244284778,0
nominal_trigger,0,19,0.9429685093,0.7405113194,0.7082273967,0.6722144631,0.0393602835,0.1449054829,0.4127936476,0.0606056797,0.1000000000,0.2083331021,1,precaution,6.0937381303,-6.7861897421,1.0450573454,0.6859683332,0.1052194892,0.8947805108,0.5369983617,0.0241465286,0
nominal_trigger,0,20,0.9429685093,0.7605686073,0.7058453997,0.6619198909,0.0052388009,0.1229267987,0.3981770902,0.0599722948,0.1000000000,0.2090678677,1,precaution,16.6676525334,-7.2992635974,1.0596376727,0.6961117053,0.0096041524,0.9903958476,0.5777017738,0.0238640766,1
nominal_trigger,0,21,0.9429685093,0.7963251863,0.8222091395,0.6518738221,0.0000000000,0.1066058743,0.3867691987,0.0593190588,0.1000000000,0.2097127213,2,emergency_braking,-8.6751868151,-8.9187734772,0.7407137513,0.4870909306,0.3596048534,0.6403951466,0.4351339728,0.0235727722,1
nominal_trigger,0,22,0.9429685093,0.8425706070,0.8480493122,0.6413105302,0.0000000000,0.0853440369,0.3725714875,0.0588248388,0.1000000000,0.2103718656,2,emergency_braking,-9.5797906831,-12.1108530717,1.0291461440,0.6772044799,0.0854780295,0.9145219705,0.5543506109,0.0233523795,1
nominal_trigger,0,23,0.9429685093,0.8854816916,0.8851423477,0.6294165954,0.0000000000,0.0635505546,0.3573546665,0.0582706607,0.1000000000,0.2109393220,2,emergency_braking,-10.6247128262,-13.6072019373,1.0417117600,0.6861787847,0.1067405324,0.8932594676,0.5352956882,0.0231052490,1
nominal_trigger,0,24,0.9429685093,0.9332096620,0.8514535291,0.6166326923,0.0000000000,0.0412719904,0.3420211076,0.0577597527,0.1000000000,0.2114711688,2,emergency_braking,-4.5280022044,-14.9889582360,1.0493104696,0.6919909917,0.0335479588,0.9664520412,0.5647963296,0.0228774144,1
nominal_trigger,0,25,0.9429685093,0.9749581324,0.9750843025,0.6029326756,0.0000000000,0.0186191907,0.3262200051,0.0572899439,0.1000000000,0.2119704853,2,emergency_braking,-13.2077966126,-15.2423976086,1.0502418434,0.6934416269,0.0390448295,0.9609551705,0.5687398497,0.0226679076,1
nominal_trigger,0,26,0.9429685093,1.0206518187,1.0046388055,0.5914652700,0.0000000000,0.0000000000,0.3124413899,0.0568601127,0.1000000000,0.2124402794,2,emergency_braking,-13.6260941792,-15.2612254807,1.0557559168,0.6979764412,0.0100836828,0.9899163172,0.5775053606,0.0224762285,1
nominal_trigger,0,27,0.9429685093,1.0630619796,1.0503429370,0.5778491592,0.0000000000,0.0000000000,0.3020166099,0.0564648815,0.1000000000,0.2128816808,2,emergency_braking,-12.4546425636,-13.9491996712,0.5889685706,0.3898017395,0.3721167159,0.6278832841,0.3947526211,0.0222999789,1
nominal_trigger,0,28,0.9429685093,1.1097918539,1.0408776995,0.5641452274,0.0000000000,0.0000000000,0.2871363875,0.0562942104,0.1000000000,0.2133566525,2,emergency_braking,-13.6056818699,-15.2383636943,1.0459776771,0.6927508833,0.0378503424,0.9621496576,0.5679766281,0.0222238697,1
nominal_trigger,0,29,0.9429685093,1.1645027459,1.0905746559,0.5497664423,0.0000000000,0.0000000000,0.2687765551,0.0986553243,0.1187307558,0.2242815618,2,emergency_braking,-14.0020631041,-15.6823106765,1.1367058501,0.7452576603,0.0213101321,0.9786898679,0.5683231692,0.1111641882,1
nominal_trigger,0,30,0.9429685093,1.2120387577,1.2123053677,0.5363261810,0.0000000000,0.0000000000,0.2495345300,0.1366992961,0.1355526069,0.2340930824,2,emergency_braking,-14.2187914104,-15.9250463797,1.2184068035,0.7919315586,0.0252657820,0.9747342180,0.5605331700,0.1285740339,1
nominal_trigger,0,31,0.9429685093,1.2540955024,1.2106119612,0.5230084354,0.0000000000,0.0000000000,0.2345647415,0.1716679206,0.1510146358,0.2431114725,2,emergency_braking,-13.0590607474,-14.6261480371,0.7368186489,0.4751898258,0.3734396828,0.6265603172,0.3820083734,0.1480777828,1
nominal_trigger,0,32,0.9429685093,1.2916370842,1.2699454440,0.5099266568,0.0000000000,0.0000000000,0.2184150922,0.2096151868,0.1677937266,0.2528980527,2,emergency_braking,-13.1879993003,-14.7705592164,0.7780399770,0.4971972366,0.4105846087,0.5894153913,0.3600914490,0.1681901776,1
nominal_trigger,0,33,0.9429685093,1.3387342604,1.3064343113,0.4935598364,0.0000000000,0.0000000000,0.1926515829,0.2446825383,0.1832994095,0.2619419045,2,emergency_braking,-14.8180744165,-16.5962433465,1.4441897348,0.9152587051,0.0149707410,0.9850292590,0.5516695179,0.1865806758,1
nominal_trigger,0,34,0.9429685093,1.3793227715,1.3416039691,0.4800043392,0.0000000000,0.0000000000,0.1716834874,0.2716337542,0.1952163918,0.2688926091,2,emergency_braking,-14.0193675568,-15.7016916636,1.1039464341,0.6960795120,0.2697504625,0.7302495375,0.4405937038,0.2017711367,1
nominal_trigger,0,35,0.9429685093,1.4237336225,1.4233020044,0.4676997898,0.0000000000,0.0000000000,0.1506471916,0.3000034321,0.2077605735,0.2762091343,2,emergency_braking,-14.1322656414,-15.8281375184,1.1437346452,0.7168307404,0.3088840562,0.6911159438,0.4164489991,0.2168841445,1
nominal_trigger,0,36,0.9429685093,1.4668419240,1.4440257384,0.4522801526,0.0000000000,0.0000000000,0.1271217487,0.3264271519,0.2194443136,0.2830237979,2,emergency_braking,-14.2129038332,-15.9184522932,1.1708043448,0.7297596433,0.2664463166,0.7335536834,0.4462954879,0.2308696350,1
nominal_trigger,0,37,0.9429685093,1.5162602702,1.4994578136,0.4353516736,0.0000000000,0.0000000000,0.1017970963,0.3511536725,0.2303776054,0.2894007547,2,emergency_braking,-14.3503521312,-16.0723943869,1.2221081120,0.7580709614,0.2357730020,0.7642269980,0.4546510838,0.2441298877,1
nominal_trigger,0,38,0.9429685093,1.5550423707,1.5248141457,0.4199938836,0.0000000000,0.0000000000,0.0768729311,0.3741399500,0.2405414163,0.2953289038,2,emergency_braking,-14.3560625044,-16.0787900049,1.2176846450,0.7521734347,0.3575341398,0.6424658602,0.4058886001,0.2566194311,1
nominal_trigger,0,39,0.9429685093,1.6078653817,1.5341693029,0.4010089124,0.0000000000,0.0000000000,0.0440406903,0.3958827339,0.2501553934,0.3009363564,2,emergency_braking,-15.6047587848,-17.4773298390,1.7451805163,1.0738155897,0.0547568417,0.9452431583,0.5241526841,0.2683680447,1
nominal_trigger,0,40,0.9429685093,1.6527027169,1.6604766501,0.3819283929,0.0000000000,0.0000000000,0.0103993108,0.4132616527,0.2578398061,0.3054183706,2,emergency_braking,-15.6736516505,-17.5544898485,1.7678069222,1.0856987031,0.1247499045,0.8752500955,0.4895834525,0.2789362948,1
nominal_trigger,0,41,0.9429685093,1.6993689085,1.6795845235,0.3665422483,0.0000000000,0.0000000000,0.0000000000,0.4296970409,0.2651070193,0.3096570487,2,emergency_braking,-14.7168322810,-16.4828521548,1.3501303919,0.8279003106,0.2503456298,0.7496543702,0.4298650050,0.2890972364,1
nominal_trigger,0,42,0.9429685093,1.7322890078,1.7093227664,0.3498276039,0.0000000000,0.0000000000,0.0000000000,0.4476314227,0.2730370404,0.3142823164,2,emergency_braking,-14.7397564373,-16.5085272097,1.3576827183,0.8289643411,0.2677075248,0.7322924752,0.4395793311,0.2974510518,1
nominal_trigger,0,43,0.9429685093,1.7617272852,1.7263683315,0.3343419951,0.0000000000,0.0000000000,0.0000000000,0.4646004136,0.2805401959,0.3186586104,2,emergency_braking,-13.9893711657,-15.6680957056,1.0327796561,0.6274202041,0.4764923293,0.5235076707,0.3250035143,0.3042724378,1
nominal_trigger,0,44,0.9429685093,1.8064819001,1.8538954962,0.3150784953,0.0000000000,0.0000000000,0.0000000000,0.4822705941,0.2883533955,0.3232157408,2,emergency_braking,-16.0526836707,-17.9790057112,1.9297774643,1.1662136038,0.0427348564,0.9572651436,0.5161076179,0.3112735933,1
nominal_trigger,0,45,0.9429685093,1.8472515213,1.8721412239,0.2984022923,0.0000000000,0.0000000000,0.0000000000,0.4948962133,0.2939360482,0.3264718814,2,emergency_braking,-13.7556753557,-15.4063563984,0.9281218550,0.5587854422,0.4714772405,0.5285227595,0.3465708684,0.3162122216,1
nominal_trigger,0,46,0.9429685093,1.8988576291,1.7927134723,0.2792403672,0.0000000000,0.0000000000,0.0000000000,0.5113075602,0.3011926311,0.3307043592,2,emergency_braking,-16.1636361583,-18.1032724973,1.9840028081,1.1886678412,0.0470425732,0.9529574268,0.5138787620,0.3225521803,1
nominal_trigger,0,47,0.9429685093,1.9307920480,1.9019529850,0.2609158486,0.0000000000,0.0000000000,0.0000000000,0.5225161441,0.3061487153,0.3335950472,2,emergency_braking,-14.2026516319,-15.9069698278,1.1221366309,0.6700596720,0.4713450982,0.5286549018,0.3153433711,0.3268305889,1
nominal_trigger,0,48,0.9429685093,1.9784855780,1.9402345661,0.2408106902,0.0000000000,0.0000000000,0.0000000000,0.5365793824,0.3123670382,0.3372219491,2,emergency_braking,-16.2690224119,-18.2213051013,2.0359980303,1.2106642767,0.0446731590,0.9553268410,0.5109928123,0.3321393568,1
nominal_trigger,0,49,0.9429685093,2.0287498346,2.0018068850,0.2207029216,0.0000000000,0.0000000000,0.0000000000,0.5465737506,0.3167862343,0.3397994914,2,emergency_braking,-16.2936692966,-18.2489096122,2.0492506683,1.2149155830,0.0500366980,0.9499633020,0.5075239529,0.3358720479,1
nominal_trigger,0,50,0.9429685093,2.0708824085,1.9851679461,0.2023921492,0.0000000000,0.0000000000,0.0000000000,0.5561232950,0.3210087433,0.3422623140,2,emergency_braking,-15.1437244595,-16.9609713946,1.5396262858,0.9101812905,0.2742578107,0.7257421893,0.4132134863,0.3394074734,1
nominal_trigger,0,51,0.9429685093,2.0991802836,2.0655385813,0.1855536517,0.0000000000,0.0000000000,0.0000000000,0.5669712218,0.3258053563,0.3450599887,2,emergency_braking,-13.1283947087,-14.7038020738,0.6405481303,0.3774476309,0.6660701043,0.3339298957,0.2339234974,0.3433866745,1
nominal_trigger,0,52,0.9429685093,2.1399224531,2.0788465815,0.1676171085,0.0000000000,0.0000000000,0.0000000000,0.5801036397,0.3316120995,0.3484468324,2,emergency_braking,-13.1970810833,-14.7807308133,0.6689990222,0.3926676867,0.5886264574,0.4113735426,0.2683778929,0.3481513324,1
nominal_trigger,0,53,0.9429685093,2.1702482178,2.1549552563,0.1465530784,0.0000000000,0.0000000000,0.0000000000,0.5923348991,0.3370203788,0.3516012679,2,emergency_braking,-14.4870108252,-16.2254521242,1.2474153368,0.7294934702,0.3346062116,0.6653937884,0.3637794829,0.3525372851,1
nominal_trigger,0,54,0.9429685093,2.2177317198,2.2117220300,0.1283805031,0.0000000000,0.0000000000,0.0000000000,0.6022364565,0.3413985369,0.3541548744,2,emergency_braking,-13.1136394036,-14.6872761321,0.6276615618,0.3659725181,0.6536872450,0.3463127550,0.2485232661,0.3560512835,1
nominal_trigger,0,55,0.9429685093,2.2592831524,2.2316539018,0.1072326628,0.0000000000,0.0000000000,0.0000000000,0.6132074878,0.3462495828,0.3569842977,2,emergency_braking,-15.2661913798,-17.0981343454,1.6004553154,0.9301206357,0.3392516538,0.6607483462,0.3837418229,0.3599066322,1
nominal_trigger,0,56,0.9429685093,2.2918946656,2.2312156878,0.0862448872,0.0000000000,0.0000000000,0.0000000000,0.6211618409,0.3497667483,0.3590357212,2,emergency_braking,-14.5016762358,-16.2418773841,1.2543976669,0.7272700300,0.4325895245,0.5674104755,0.3265887401,0.3626767731,1
nominal_trigger,0,57,0.9429685093,2.3241877951,2.2951650199,0.0703684279,0.0000000000,0.0000000000,0.0000000000,0.6295278722,0.3534659449,0.3611933163,2,emergency_braking,-11.9753015535,-13.4123377399,0.1049573129,0.0606993254,0.8093443184,0.1906556816,0.1848595373,0.3655675067,1
nominal_trigger,0,58,0.9429685093,2.3684235124,2.3049899533,0.0510388466,0.0000000000,0.0000000000,0.0000000000,0.6399253451,0.3580633812,0.3638748192,2,emergency_braking,-15.3137550627,-17.1514056703,1.6254367941,0.9371019452,0.3445827072,0.6554172928,0.3911314618,0.3691276251,1
nominal_trigger,0,59,0.9429685093,2.4179228537,2.4287282910,0.0258388175,0.0000000000,0.0000000000,0.0000000000,0.6465644587,0.3609989890,0.3655870431,2,emergency_braking,-16.7208025261,-18.7272988293,2.2698617695,1.3060234788,0.0427348564,0.9572651436,0.4973017157,0.3713820049,1
nominal_trigger,0,60,0.9429685093,2.4510065459,2.4533119305,0.0052912320,0.0000000000,0.0000000000,0.0000000000,0.6516705322,0.3632567346,0.3669038969,2,emergency_braking,-13.2592885921,-14.8504032232,0.6859299919,0.3940631156,0.6666097833,0.3333902167,0.2310271867,0.3731058210,1
nominal_trigger,0,61,0.9429685093,2.5043233397,2.4450537258,0.0000000000,0.0000000000,0.0000000000,0.0000000000,0.6594646833,0.3667030637,0.3689140044,2,emergency_braking,-16.7112458633,-18.7165953669,2.2697330548,1.3009017788,0.0840829220,0.9159170780,0.4823843027,0.3757203627,1
nominal_trigger,0,62,0.9429685093,2.5394158225,2.4530347054,0.0000000000,0.0000000000,0.0000000000,0.0000000000,0.6640868112,0.3687468237,0.3701060488,2,emergency_braking,-12.0331890056,-13.4771716863,0.1203934196,0.0689079985,0.7820552456,0.2179447544,0.1923358811,0.3772612785,1
nominal_trigger,0,63,0.9429685093,2.5855081110,2.5453298215,0.0000000000,0.0000000000,0.0000000000,0.0000000000,0.6720470903,0.3722666094,0.3721590006,2,emergency_braking,-15.3846301935,-17.2307858167,1.6625178170,0.9492807909,0.3505779089,0.6494220911,0.3818123013,0.3798983525,1
nominal_trigger,0,64,0.9429685093,2.6131569417,2.5504643663,0.0000000000,0.0000000000,0.0000000000,0.0000000000,0.6771161938,0.3745080080,0.3734663198,2,emergency_braking,-14.0580679529,-15.7450361072,1.0509742060,0.5991822512,0.6030970325,0.3969029675,0.2854570046,0.3815666231,1
nominal_trigger,0,65,0.9429685093,2.6581141345,2.6256104919,0.0000000000,0.0000000000,0.0000000000,0.0000000000,0.6828311517,0.3770349831,0.3749402045,2,emergency_braking,-14.6632854003,-16.4228796483,1.3306422738,0.7573249200,0.4328532089,0.5671467911,0.3238456154,0.3834371672,1
nominal_trigger,0,66,0.9429685093,2.7100100488,2.6632560535,0.0000000000,0.0000000000,0.0000000000,0.0000000000,0.6878480325,0.3792532905,0.3762340554,2,emergency_braking,-16.8112740771,-18.8286269664,2.3255996202,1.3216026448,0.1331091872,0.8668908128,0.4562912048,0.3850702448,1
nominal_trigger,0,67,0.9429685093,2.7506387010,2.7014472476,0.0000000000,0.0000000000,0.0000000000,0.0000000000,0.6913257535,0.3807910296,0.3771309579,2,emergency_braking,-13.3451627118,-14.9465822372,0.7200925297,0.4087898876,0.5951170435,0.4048829565,0.2685840242,0.3861973725,1
nominal_trigger,0,68,0.9429685093,2.7909051673,2.7699969839,0.0000000000,0.0000000000,0.0000000000,0.0000000000,0.6966599012,0.3831496224,0.3785066318,2,emergency_braking,-13.3724192486,-14.9771095585,0.7320765462,0.4149269923,0.5807631424,0.4192368576,0.2743041430,0.3879183263,1
nominal_trigger,0,69,0.9429685093,2.8254868730,2.8552061412,0.0000000000,0.0000000000,0.0000000000,0.0000000000,0.7016582285,0.3853597260,0.3797956978,2,emergency_braking,-11.9617701506,-13.3971825687,0.0755183690,0.0427380672,0.9101711651,0.0898288349,0.1444982101,0.3895223195,1
nominal_trigger,0,70,0.9429685093,2.8728474706,2.8148790859,0.0000000000,0.0000000000,0.0000000000,0.0000000000,0.7070704267,0.3877528302,0.3811915009,2,emergency_braking,-16.8793781909,-18.9049035739,2.3642209676,1.3358054661,0.1150685912,0.8849314088,0.4621220177,0.3912497275,1
nominal_trigger,0,71,0.9429685093,2.9074015071,2.8946460634,0.0000000000,0.0000000000,0.0000000000,0.0000000000,0.7097925958,0.3889564880,0.3818935469,2,emergency_braking,-15.5056301082,-17.3663057212,1.7248756510,0.9737718732,0.3544027055,0.6455972945,0.3815606053,0.3921148668,1
robust_reserve,0,0,0.9429685093,0.3244860858,0.3117323965,0.8154500868,0.6203072919,0.6717585908,0.6714852022,0.1261000000,0.1700000000,0.4857376000,1,precaution,45.0283903914,35.5983012920,1.1782816847,0.3763399815,0.1186297035,0.8813702965,0.4561743358,0.1205051625,0
robust_reserve,0,1,0.9429685093,0.3419414815,0.2481745744,0.8095027149,0.6002317858,0.6431718580,0.6622634758,0.1231232343,0.1700000000,0.5015644289,1,precaution,162.0195876659,30.8814518116,1.1717635893,0.3723976220,0.1044442005,0.8955557995,0.4466308627,0.1195876964,0
robust_reserve,0,2,0.9429685093,0.3603039013,0.3504676421,0.8026235574,0.5798463920,0.6141912332,0.6527782206,0.1208290703,0.1700000000,0.5138248248,1,precaution,12.7099126161,26.9232758333,1.1764923620,0.3726544079,0.0514629723,0.9485370277,0.4631696514,0.1188806142,0
robust_reserve,0,3,0.9429685093,0.3676299099,0.3877272783,0.7998606302,0.5709224149,0.5938718205,0.6494895892,0.1190373616,0.1700000000,0.5233401717,1,precaution,8.5237804415,34.4799640058,0.3695430871,0.1168030707,0.5520133540,0.4479866460,0.2693004416,0.1183283934,0
robust_reserve,0,4,0.9429685093,0.3912876237,0.4232409312,0.7922227224,0.5502141814,0.5648001828,0.6397736499,0.1178642596,0.1700000000,0.5316073290,1,precaution,4.6525817166,23.7479216911,1.1720829231,0.3694260314,0.0513631612,0.9486368388,0.4583835878,0.1179668327,0
robust_reserve,0,5,0.9429685093,0.4036330150,0.4567443621,0.7862788696,0.5339776415,0.5406217364,0.6314093518,0.2227708643,0.2483581216,0.5533853959,1,precaution,3.3553427269,26.0253283511,0.7983541465,0.2482126073,0.3674919660,0.6325080340,0.3202541208,0.1369993536,0
robust_reserve,0,6,0.9429685093,0.4191068600,0.4211743652,0.7818479758,0.5137049928,0.5154034758,0.6221064396,0.3089486312,0.3127270711,0.5712754533,1,precaution,29.8725755280,24.2898656159,1.1383337449,0.3499037403,0.2933950494,0.7066049506,0.3621787776,0.1492250616,0
robust_reserve,0,7,0.9429685093,0.4317782380,0.3720963241,0.7806749861,0.5018434347,0.4971087960,0.6170228474,0.3732151018,0.3607297676,0.5846168391,1,precaution,127.1218338743,26.0192720562,0.4950648957,0.1509513786,0.6856823856,0.3143176144,0.2151091397,0.1588378366,0
robust_reserve,0,8,0.9429685093,0.4424894905,0.4094749592,0.7746188319,0.4815406435,0.4732508925,0.6063187659,0.4283471044,0.4019096359,0.5960619569,1,precaution,61.3302945651,27.4803602386,1.0201738503,0.3087266466,0.4239609756,0.5760390244,0.2930036837,0.1663698729,0
robust_reserve,0,9,0.9429685093,0.4596892024,0.4354623143,0.7699653895,0.4512303859,0.4446125171,0.5931297617,0.4686528139,0.4320152684,0.6044292131,1,precaution,23.0159609330,22.1509131492,1.8784797846,0.5660300222,0.1175892923,0.8824107077,0.3954529125,0.1710800460,0
robust_reserve,0,10,0.9429685093,0.4814299635,0.4792784661,0.7641363026,0.4254122542,0.4186725498,0.5805076565,0.4970817401,0.4532497490,0.6103309107,1,precaution,6.4610526990,17.0156724272,1.4189626326,0.4266924690,0.3537700116,0.6462299884,0.3215973038,0.1739977661,0
robust_reserve,0,11,0.9429685093,0.4924181857,0.4631637616,0.7573376238,0.3994098625,0.3928750648,0.5674451408,0.5215611283,0.4715341923,0.6154127047,1,precaution,26.8008109795,19.4049915254,1.3841065669,0.4155624485,0.4285260232,0.5714739768,0.3090025106,0.1762420187,0
robust_reserve,0,12,0.9429685093,0.5029389672,0.5487180105,0.7536310621,0.3838789705,0.3741928910,0.5604286224,0.5413791212,0.4863368895,0.6195268172,2,emergency_braking,-0.6343992881,22.4877133419,0.6136597805,0.1841030031,0.6223547270,0.3776452730,0.2314552118,0.1778771826,0
robust_reserve,0,13,0.9429685093,0.5067020798,0.5060839659,0.7506651480,0.3745158681,0.3594052586,0.5557371871,0.5591386284,0.4996020374,0.6232135987,1,precaution,24.4239809149,31.7154059825,0.0852444018,0.0255345323,0.8472958271,0.1527041729,0.1613773927,0.1792043497,0
robust_reserve,0,14,0.9429685093,0.5190407264,0.5318804042,0.7446143863,0.3506414387,0.3360118060,0.5447524535,0.5744019415,0.5110026975,0.6263821834,1,precaution,10.6983795816,27.3217188217,1.2112303502,0.3622460571,0.3855670033,0.6144329967,0.2947653852,0.1802406329,0
robust_reserve,0,15,0.9429685093,0.5182764398,0.5471864372,0.7423470321,0.3410842140,0.3218504953,0.5404547154,0.5850235998,0.5189363562,0.6285871845,1,precaution,10.8743461580,46.6882236268,0.0818671002,0.0244911393,0.8836682579,0.1163317421,0.1470306576,0.1809048600,0
robust_reserve,0,16,0.9429685093,0.5232046086,0.5132248634,0.7390754723,0.3202107607,0.3012358172,0.5317236137,0.5950201253,0.5264030830,0.6306624114,1,precaution,85.6251138635,51.3665368579,0.9847991927,0.2943676250,0.5845335313,0.4154664687,0.2493274628,0.1814873263,0
robust_reserve,0,17,0.9429685093,0.5212963145,0.5767631346,0.7367336964,0.3104452516,0.2873647280,0.5273635276,0.6022430176,0.5317980939,0.6321618463,1,precaution,4.8262878625,91.5041811317,0.0605998788,0.0181214594,0.9224153856,0.0775846144,0.1337904049,0.1818824345,0
robust_reserve,0,18,0.9429685093,0.5313953779,0.5633795420,0.7309576146,0.2853932084,0.2641987614,0.5167562706,0.6088825261,0.5367573566,0.6335401739,1,precaution,19.2691605734,58.2041442412,1.2729834062,0.3805592533,0.3369741877,0.6630258123,0.3032520822,0.1822265766,0
robust_reserve,0,19,0.9429685093,0.5444947585,0.5395613809,0.7289825829,0.2684556517,0.2467633748,0.5105692003,0.6135146356,0.5402172284,0.6345017757,1,precaution,78.3588412337,39.0264113867,0.6583562059,0.1970446316,0.6687071228,0.3312928772,0.2063769521,0.1824558618,0
robust_reserve,0,20,0.9429685093,0.5434942474,0.5166181516,0.7260118237,0.2512555456,0.2290411772,0.5037458388,0.6176620492,0.5433150651,0.6353627573,1,precaution,84.9006717206,64.2102732346,0.6318060003,0.1891823395,0.6844279647,0.3155720353,0.2028912755,0.1826536171,0
robust_reserve,0,21,0.9429685093,0.5379121032,0.5847346464,0.7236393872,0.2413502900,0.2157413278,0.4996483150,0.6210953869,0.5458795356,0.6360755004,1,precaution,7.7790883716,106.2894547571,0.0145292121,0.0043534291,0.9572043762,0.0427956238,0.1211653321,0.1828119361,0
robust_reserve,0,22,0.9429685093,0.5494261340,0.5799175340,0.7189382871,0.2164812032,0.1936227092,0.4894538723,0.6241632189,0.5481709981,0.6367123664,1,precaution,17.9520306256,69.1161072640,1.2012509261,0.3600214395,0.5016079306,0.4983920694,0.2621451586,0.1829492720,0
robust_reserve,0,23,0.9429685093,0.5587590587,0.5836426846,0.7128059789,0.1903729448,0.1706288679,0.4781497941,0.6263409748,0.5497976342,0.6371644572,1,precaution,23.6918201357,50.4739219803,1.2439223972,0.3733635999,0.4683479164,0.5316520836,0.2649795729,0.1830443974,0
robust_reserve,0,24,0.9429685093,0.5728200259,0.5164791552,0.7061199974,0.1639135207,0.1473852468,0.4667796869,0.6281445714,0.5511447986,0.6375388745,1,precaution,83.9303087764,31.9219012319,1.2519721651,0.3764363293,0.4270844766,0.5729155234,0.2808826258,0.1831216929,0
robust_reserve,0,25,0.9429685093,0.5688323186,0.5984465501,0.7027631067,0.1522566787,0.1333716855,0.4620230806,0.6296512851,0.5522702115,0.6378516605,1,precaution,7.8777586166,67.9633877611,0.0783587458,0.0236031451,0.9062570327,0.0937429673,0.1347644829,0.1831852326,0
robust_reserve,0,26,0.9429685093,0.5751762937,0.5867671318,0.6998261347,0.1338243530,0.1158098670,0.4557779684,0.6311286181,0.5533736792,0.6381583471,1,precaution,30.1240800633,59.1954863429,0.6752076255,0.2035115245,0.6466104183,0.3533895817,0.2186190762,0.1832466206,0
robust_reserve,0,27,0.9429685093,0.5772030225,0.5810357189,0.6954830000,0.1219497145,0.1015174192,0.4505290985,0.6322829765,0.5542359066,0.6383979859,1,precaution,66.8791499883,75.2856894004,0.0430607287,0.0129909901,0.9226875732,0.0773124268,0.1397364446,0.1832939591,0
robust_reserve,0,28,0.9429685093,0.5896871476,0.5460945127,0.6895037881,0.0949318908,0.0786628316,0.4395416135,0.6333401991,0.5550255803,0.6386174599,1,precaution,75.2673337464,40.9112837625,1.2592081368,0.3801862927,0.4551921024,0.5448078976,0.2698063447,0.1833368302,0
robust_reserve,0,29,0.9429685093,0.6065814666,0.5603936865,0.6843776268,0.0706994745,0.0575540424,0.4298694886,0.6341022741,0.5555947986,0.6387756627,1,precaution,71.4086910300,23.1726939383,1.0240730062,0.3097712716,0.5777107148,0.4222892852,0.2486619598,0.1833674458,0
robust_reserve,0,30,0.9429685093,0.6168062469,0.6461338874,0.6803675577,0.0466615022,0.0369883734,0.4211265934,0.6347697722,0.5560933744,0.6389142318,2,emergency_braking,-2.9650998236,21.6176281321,1.0339782677,0.3132833249,0.5644214865,0.4355785135,0.2528462827,0.1833940644,0
robust_reserve,0,31,0.9429685093,0.6204429236,0.5959146772,0.6771843210,0.0342457743,0.0232254398,0.4169835306,0.6353375768,0.5565174860,0.6390321051,1,precaution,62.3382959535,30.0362758997,0.0850281946,0.0258011616,0.8780715763,0.1219284237,0.1494272383,0.1834165621,0
robust_reserve,0,32,0.9429685093,0.6315997678,0.6252863703,0.6707176304,0.0062301496,0.0002067538,0.4058384625,0.6358889837,0.5569293495,0.6391465743,1,precaution,10.1162425865,23.0424778238,1.2722471306,0.3863102651,0.4437760801,0.5562239199,0.2716662598,0.1834382824,0
robust_reserve,0,33,0.9429685093,0.6474409870,0.6464093900,0.6627186383,0.0000000000,0.0000000000,0.3940966159,0.6362925141,0.5572307594,0.6392303452,1,precaution,3.2175897702,15.0118439785,1.3016857090,0.3960270451,0.3433180664,0.6566819336,0.3012842793,0.1834540980,0
robust_reserve,0,34,0.9429685093,0.6633260337,0.6467212700,0.6559985134,0.0000000000,0.0000000000,0.3812652553,0.6366508558,0.5574984164,0.6393047350,1,precaution,8.9229803517,10.1426989973,1.6532196367,0.5040289952,0.2874308951,0.7125691049,0.3317739378,0.1834680859,0
robust_reserve,0,35,0.9429685093,0.6741450168,0.6985891449,0.6535384004,0.0000000000,0.0000000000,0.3753446768,0.6369603561,0.5577295921,0.6393689857,2,emergency_braking,-4.2177603841,11.4316278985,0.6840368566,0.2090272287,0.6761537871,0.3238462129,0.2029095080,0.1834801246,0
robust_reserve,0,36,0.9429685093,0.6847177869,0.6857207945,0.6479062517,0.0000000000,0.0000000000,0.3657199872,0.6372764693,0.5579657072,0.6394346091,1,precaution,2.5279791809,10.8984403679,1.0230375642,0.3129420744,0.5817824127,0.4182175873,0.2485915616,0.1834923795,0
robust_reserve,0,37,0.9429685093,0.7017653711,0.7094099965,0.6410106411,0.0000000000,0.0000000000,0.3552822619,0.6375485922,0.5581689646,0.6394911005,2,emergency_braking,-2.3219219195,6.7966911199,1.0438401492,0.3198561251,0.5509964493,0.4490035507,0.2573323797,0.1835028959,0
robust_reserve,0,38,0.9429685093,0.7152365883,0.7070035966,0.6335377961,0.0000000000,0.0000000000,0.3440795735,0.6377928596,0.5583514157,0.6395418091,1,precaution,2.0648843047,4.9595880652,1.5891251296,0.4878602108,0.3920579507,0.6079420493,0.3073883479,0.0835123096,0
robust_reserve,0,39,0.9429685093,0.7421994393,0.6996344650,0.6228300511,0.0000000000,0.0000000000,0.3280016100,0.6380036054,0.5585088286,0.6395855588,1,precaution,18.2812108492,-1.4589190916,2.2157956118,0.6816303214,0.1502819152,0.8497180848,0.3719152349,0.0835204117,0
robust_reserve,0,40,0.9429685093,0.7493230717,0.7937621374,0.6157748751,0.0000000000,0.0000000000,0.3213645228,0.6381786381,0.5586395661,0.6396218947,2,emergency_braking,-9.1961652298,2.5745049756,0.6507844571,0.2007864610,0.6961064084,0.3038935916,0.2049830261,0.0835271268,0
robust_reserve,0,41,0.9429685093,0.7614388526,0.7686957470,0.6120973400,0.0000000000,0.0000000000,0.3168748119,0.6383736195,0.5587852040,0.6396623718,2,emergency_braking,-5.4730689394,2.2934032428,0.6850741345,0.2116189799,0.6746930714,0.3253069286,0.2024021719,0.0835345923,1
robust_reserve,0,42,0.9429685093,0.7837158516,0.7862704482,0.6060322484,0.0000000000,0.0000000000,0.3095004542,0.6385470172,0.5589147204,0.6396983683,2,emergency_braking,-7.4083185974,-1.6780857965,1.0500500005,0.3246205328,0.5215209464,0.4784790536,0.2682765264,0.0835412181,1
robust_reserve,0,43,0.9429685093,0.8022321166,0.7865675088,0.6015802847,0.0000000000,0.0000000000,0.3047397577,0.6386953109,0.5590254857,0.6397291533,2,emergency_braking,-5.1842286778,-2.6163496434,0.6298210383,0.1949695823,0.7265504689,0.2734495311,0.1941248778,0.0835468748,1
robust_reserve,0,44,0.9429685093,0.8332739629,0.9166139716,0.5939580325,0.0000000000,0.0000000000,0.2956282890,0.6388352863,0.5591300378,0.6397582115,3,loss_minimization,-11.7581463844,-6.5736719383,1.2550855504,0.3888633779,0.4673784580,0.5326215420,0.2665725335,0.0835522059,1
robust_reserve,0,45,0.9429685093,0.8604301676,0.9041961776,0.5893310115,0.0000000000,0.0038149820,0.2937665658,0.6389511430,0.5592165750,0.6397822627,3,loss_minimization,-10.2236310689,-6.6283884042,0.0911938808,0.0283020055,0.8637645768,0.1362354232,0.1531264687,0.0835566122,1
robust_reserve,0,46,0.9429685093,0.9018097677,0.8304361451,0.5809217499,0.0000000000,0.0000000000,0.2829850084,0.6390707157,0.5593058876,0.6398070854,2,emergency_braking,-6.8271199354,-10.8008147553,1.6215842390,0.5034228238,0.3505571602,0.6494428398,0.3194903180,0.0835611541,1
robust_reserve,0,47,0.9429685093,0.9291814167,0.9186666334,0.5720242437,0.0000000000,0.0000000000,0.2733500075,0.6391588632,0.5593717279,0.6398253844,3,loss_minimization,-11.7385098277,-11.2487454786,1.2351741561,0.3842272966,0.5160182572,0.4839817428,0.2530685756,0.0835644985,1
robust_reserve,0,48,0.9429685093,0.9598181256,0.9597584570,0.5652115472,0.0000000000,0.0000000000,0.2680992807,0.6392426899,0.5594343407,0.6398427864,3,loss_minimization,-11.0333879301,-11.0333879301,0.7013004302,0.2185444044,0.6045543156,0.3954456844,0.2268413660,0.0835676759,1
robust_reserve,0,49,0.9429685093,1.0076307559,1.0133574451,0.5538473065,0.0000000000,0.0000000000,0.2535294006,0.6393232191,0.5594944905,0.6398595038,3,loss_minimization,-13.0770079950,-13.0770079950,2.2399710341,0.6987127653,0.0500366980,0.9499633020,0.4011663631,0.0835707257,1
robust_reserve,0,50,0.9429685093,1.0448728886,0.9836101052,0.5454688682,0.0000000000,0.0000000000,0.2430357979,0.6393820888,0.5595384622,0.6398717248,3,loss_minimization,-12.2808124149,-12.2808124149,1.6357632869,0.5116326970,0.3654868942,0.6345131058,0.3061792525,0.0835729535,1
robust_reserve,0,51,0.9429685093,1.0684005761,1.0450035731,0.5387314109,0.0000000000,0.0000000000,0.2381533259,0.6394404963,0.5595820887,0.6398838499,3,loss_minimization,-10.9392000313,-10.9392000313,0.6266893587,0.1964002168,0.7398382591,0.2601617409,0.1898395172,0.0835751623,1
robust_reserve,0,52,0.9429685093,1.1057047451,1.0550455517,0.5304990326,0.0000000000,0.0000000000,0.2327052939,0.6395004907,0.5596269004,0.6398963045,3,loss_minimization,-11.0285112980,-11.0285112980,0.6930063915,0.2173808922,0.6195205689,0.3804794311,0.2222010630,0.0835774297,1
robust_reserve,0,53,0.9429685093,1.1319758954,1.1361103319,0.5192403190,0.0000000000,0.0000000000,0.2219591285,0.6714683426,0.5937089520,0.6569285160,3,loss_minimization,-12.0387187560,-12.0387187560,1.3210945467,0.4105305545,0.4018727539,0.5981272461,0.2763256171,0.1562612173,1
robust_reserve,0,54,0.9429685093,1.1692068920,1.1749898005,0.5131453851,0.0000000000,0.0033685786,0.2205032158,0.6974537714,0.6214129320,0.6707733412,3,loss_minimization,-10.3207772187,-10.3207772187,0.0216555578,0.0066860376,0.9507478486,0.0492521514,0.1328762683,0.1536022745,1
robust_reserve,0,55,0.9429685093,1.1997961547,1.2000124202,0.5042446125,0.0000000000,0.0013902781,0.2147567828,0.7248177068,0.6505865863,0.6853526236,3,loss_minimization,-11.2502980222,-11.2502980222,0.7374097073,0.2257060085,0.6685684377,0.3314315623,0.1992364023,0.1493848832,1
robust_reserve,0,56,0.9429685093,1.2168389237,1.1792711182,0.4971607829,0.0000000000,0.0051335228,0.2136469446,0.7472536829,0.6745063698,0.6973063293,3,loss_minimization,-10.3883460619,-10.3883460619,0.0776349481,0.0236135776,0.9178889009,0.0821110991,0.1387161924,0.1460521253,1
robust_reserve,0,57,0.9429685093,1.2449255937,1.2175870074,0.4920289477,0.0000000000,0.0104616188,0.2150728174,0.7689125135,0.6975976111,0.7088459781,3,loss_minimization,-10.4125733660,-10.4125733660,0.0997943041,0.0301452189,0.8446963274,0.1553036726,0.1552848282,0.1421088550,1
robust_reserve,0,58,0.9429685093,1.2777798540,1.2422839906,0.4852923247,0.0000000000,0.0115485396,0.2132089267,0.7881128587,0.7180677747,0.7190757659,3,loss_minimization,-11.2372283705,-11.2372283705,0.7494956979,0.2249257451,0.6847856004,0.3152143996,0.1962867954,0.1381404008,1
robust_reserve,0,59,0.9429685093,1.3011691916,1.3531704667,0.4773139110,0.0000000000,0.0167047538,0.2134264564,0.8040003224,0.7350059587,0.7275404774,3,loss_minimization,-10.3273972631,-10.3273972631,0.0398828413,0.0119108085,0.9349317936,0.0650682064,0.1348953701,0.1349963298,1
robust_reserve,0,60,0.9429685093,1.3308103501,1.3438190744,0.4677731836,0.0000000000,0.0169264511,0.2099359988,0.8193896929,0.7514131081,0.7357398089,3,loss_minimization,-11.2679163250,-11.2679163250,0.7869731500,0.2338341970,0.6820555669,0.3179444331,0.1878677439,0.1316063059,1
robust_reserve,0,61,0.9429685093,1.3823890336,1.3584474579,0.4542278859,0.0000000000,0.0046737030,0.1973718253,0.8319841618,0.7648405145,0.7424500396,3,loss_minimization,-13.5684684936,-13.5684684936,2.6174146184,0.7749920141,0.0939029204,0.9060970796,0.3381961536,0.1290946601,1
robust_reserve,0,62,0.9429685093,1.4092349587,1.3249661381,0.4467444901,0.0000000000,0.0113574802,0.1993904050,0.8409425021,0.7743913162,0.7472229704,3,loss_minimization,-10.2980579864,-10.2980579864,0.0218161744,0.0064549803,0.9648638369,0.0351361631,0.1275484354,0.1282592404,1
robust_reserve,0,63,0.9429685093,1.4443514669,1.4322074605,0.4372765525,0.0000000000,0.0131943267,0.1980949919,0.8521926613,0.7863855068,0.7532169638,3,loss_minimization,-11.2492853304,-11.2492853304,0.7835005607,0.2308843415,0.6762110550,0.3237889450,0.1909850389,0.1253632114,1
robust_reserve,0,64,0.9429685093,1.4693566528,1.4229443703,0.4266821560,0.0000000000,0.0117521974,0.1938997517,0.8613868764,0.7961877830,0.7581155669,3,loss_minimization,-11.7898513148,-11.7898513148,1.2200185475,0.3585160199,0.6084591333,0.3915408667,0.2150012261,0.1232353940,1
robust_reserve,0,65,0.9429685093,1.5032116064,1.4926862859,0.4175081482,0.0000000000,0.0139758800,0.1927705397,0.8692226388,0.8045417650,0.7622903974,3,loss_minimization,-11.2491741303,-11.2491741303,0.7904246225,0.2318486072,0.7331936995,0.2668063005,0.1741614788,0.1216916558,1
robust_reserve,0,66,0.9429685093,1.5388687630,1.5314530911,0.4056112621,0.0000000000,0.0154652664,0.1908038791,0.8766379617,0.8124475016,0.7662412211,3,loss_minimization,-11.2687423408,-11.2687423408,0.8097371945,0.2369816937,0.6795445944,0.3204554056,0.1882248213,0.1199132399,1
robust_reserve,0,67,0.9429685093,1.5729695060,1.5350715592,0.3955664603,0.0000000000,0.0185464909,0.1906856513,0.8832664417,0.8195143574,0.7697728214,3,loss_minimization,-11.1690337034,-11.1690337034,0.7325313384,0.2139929087,0.7440047568,0.2559952432,0.1774157976,0.1183917530,1
robust_reserve,0,68,0.9429685093,1.6022364807,1.5938808155,0.3859008335,0.0000000000,0.0256449567,0.1935907045,0.8892559187,0.8258999496,0.7729639660,3,loss_minimization,-10.3961316984,-10.3961316984,0.1128268204,0.0328956367,0.8752888098,0.1247111902,0.1439470080,0.1168287262,1
robust_reserve,0,69,0.9429685093,1.6324879990,1.6634110432,0.3748788131,0.0000000000,0.0325249541,0.1956271429,0.8949824288,0.8320051834,0.7760150040,3,loss_minimization,-10.3297381741,-10.3297381741,0.0617657249,0.0179653058,0.9533836084,0.0466163916,0.1276034495,0.1150126904,1
robust_reserve,0,70,0.9429685093,1.6714027430,1.6509174895,0.3594496676,0.0000000000,0.0263994538,0.1876892470,0.9000919427,0.8374526160,0.7787373115,3,loss_minimization,-12.6905667220,-12.6905667220,1.9748683005,0.5732460667,0.3925329934,0.6074670066,0.2587071993,0.1134315225,1
robust_reserve,0,71,0.9429685093,1.6953743929,1.7109424243,0.3458856135,0.0000000000,0.0282994556,0.1861924061,0.9037371209,0.8413388687,0.7806794328,3,loss_minimization,-11.2729809910,-11.2729809910,0.8267965235,0.2400385707,0.6757938001,0.3242061999,0.1885066280,0.1132331432,1
full_rvcim,0,0,0.9429685093,0.3243712236,0.3169746845,0.8154579973,0.6257914923,0.6760765910,0.6740805702,0.1358000000,0.1800000000,0.7080356000,1,precaution,35.8171879614,36.7235038756,1.1981208313,0.2858317762,0.1186297035,0.8813702965,0.3590148346,0.1074195377,0
full_rvcim,0,1,0.9429685093,0.3367639048,0.2485818357,0.8111552120,0.6143581317,0.6541548065,0.6689299162,0.1327142416,0.1800000000,0.7254922056,1,precaution,156.0909954852,37.3370354261,0.8758441425,0.2080594963,0.3434093053,0.6565906947,0.2888479718,0.1066472451,0
full_rvcim,0,2,0.9429685093,0.3524099973,0.3476394786,0.8051202475,0.5997536745,0.6301102532,0.6621976265,0.1304819752,0.1800000000,0.7389831348,1,precaution,14.0322846201,33.5469650834,1.1570936921,0.2740013418,0.1780213441,0.8219786559,0.3286291259,0.1060885615,0
full_rvcim,0,3,0.9429685093,0.3592217934,0.3808610884,0.8025493324,0.5935574999,0.6121555882,0.6602561840,0.1287678049,0.1800000000,0.7487582890,1,precaution,10.0272124991,41.4013977620,0.3732230087,0.0882296070,0.5669840950,0.4330159050,0.2202188116,0.1056595451,0
full_rvcim,0,4,0.9429685093,0.3769092690,0.4142236911,0.7968826496,0.5832537449,0.5911020843,0.6554585424,0.1276732155,0.1800000000,0.7566967132,1,precaution,6.7385079825,33.3663935721,0.6872355140,0.1621247893,0.3673921549,0.6326078451,0.2656131214,0.1053855952,0
full_rvcim,0,5,0.9429685093,0.3836928907,0.4402123219,0.7927378182,0.5747832840,0.5732915292,0.6509932510,0.2556860682,0.2731311307,0.7820144813,1,precaution,6.1240567660,40.2843321612,0.4601154427,0.1069022231,0.5840550561,0.4159449439,0.2053851949,0.1182702455,0
full_rvcim,0,6,0.9429685093,0.3915610560,0.3983228472,0.7906450393,0.5664495347,0.5575197640,0.6477810534,0.3532369707,0.3441007690,0.8013076311,1,precaution,59.9959857519,44.5411906584,0.5024442547,0.1153828790,0.6094240431,0.3905759569,0.2007983047,0.1262806381,0
full_rvcim,0,7,0.9429685093,0.4028063235,0.3448379900,0.7898248192,0.5578670471,0.5430053268,0.6449959447,0.4257301595,0.3968405720,0.8156449863,1,precaution,128.6617344862,42.2157338072,0.5266463882,0.1198815946,0.6856823856,0.3143176144,0.1817116633,0.1327895546,0
full_rvcim,0,8,0.9429685093,0.4070518634,0.3777905160,0.7856112089,0.5474585091,0.5273268776,0.6398455734,0.4799088077,0.4362562921,0.8263601796,1,precaution,119.1698656284,52.8117031838,0.5615570873,0.1269925990,0.6545832350,0.3454167650,0.1876170277,0.1365201894,0
full_rvcim,0,9,0.9429685093,0.4216197907,0.4035216837,0.7816650646,0.5249092896,0.5059842043,0.6313583131,0.5204640844,0.4657608198,0.8343810077,1,precaution,37.4055023814,39.8819543183,1.9348608483,0.4356458770,0.1725851319,0.8274148681,0.2835094409,0.1386779817,0
full_rvcim,0,10,0.9429685093,0.4343631584,0.4372588777,0.7785641261,0.5136869629,0.4912506249,0.6266789354,0.5472741199,0.4852654936,0.8396833680,1,precaution,15.0565845806,36.9309801941,0.6221884713,0.1398132311,0.6697990053,0.3302009947,0.1783592805,0.1398060458,0
full_rvcim,0,11,0.9429685093,0.4375790766,0.4129842658,0.7743207302,0.4991751877,0.4748252011,0.6201749258,0.5708740576,0.5024347765,0.8443508505,1,precaution,89.7042803141,48.6287157329,0.9038889419,0.2026548163,0.6600598543,0.3399401457,0.1899802255,0.1406024850,0
full_rvcim,0,12,0.9429685093,0.4461431855,0.4938232463,0.7711706787,0.4877407171,0.4608365028,0.6163253595,0.5883832861,0.5151729837,0.8478137418,1,precaution,3.4629789057,48.2862972316,0.6427551739,0.1439446125,0.6223547270,0.3776452730,0.1893456236,0.1410744551,0
full_rvcim,0,13,0.9429685093,0.4454613624,0.4451201402,0.7696159350,0.4813102128,0.4500371569,0.6142827974,0.6021643238,0.5251988803,0.8505392893,1,precaution,77.8314715445,76.1706584137,0.0591064260,0.0132218924,0.9401684914,0.0598315086,0.1280409580,0.1413746856,0
full_rvcim,0,14,0.9429685093,0.4435766499,0.4607058758,0.7680098451,0.4747837085,0.4394291720,0.6126263477,0.6133074621,0.5333056684,0.8527431258,1,precaution,38.6341009564,131.9351814265,0.0767559049,0.0171509090,0.8717631650,0.1282368350,0.1383967983,0.1415715606,0
full_rvcim,0,15,0.9429685093,0.4404869348,0.4696429075,0.7664912186,0.4679915403,0.4288894217,0.6108864122,0.6217879801,0.5394753632,0.8544203620,1,precaution,35.4705217454,135.3192156551,0.0847750466,0.0189270404,0.8836682579,0.1163317421,0.1325619952,0.1416938974,0
full_rvcim,0,16,0.9429685093,0.4432288155,0.4361856669,0.7639519532,0.4525686998,0.4136871384,0.6059588938,0.6282604838,0.5441841996,0.8557004627,1,precaution,101.7672462915,133.6312190475,1.0161240231,0.2267375606,0.5845335313,0.4154664687,0.1982921557,0.1417712769,0
full_rvcim,0,17,0.9429685093,0.4385220938,0.4941734662,0.7625194101,0.4456252041,0.4034205842,0.6041752031,0.6328119353,0.5474954439,0.8566006270,1,precaution,14.7379712174,135.8476155872,0.0532671499,0.0118894830,0.9400958182,0.0599041818,0.1198477497,0.1418174002,0
full_rvcim,0,18,0.9429685093,0.4408258605,0.4768795095,0.7591226422,0.4328444961,0.3897739267,0.6005118796,0.6366770873,0.5503073957,0.8573650582,1,precaution,62.6767172204,134.5571748072,0.6981145768,0.1557926020,0.5700947805,0.4299052195,0.1957359565,0.1418511938,0
full_rvcim,0,19,0.9429685093,0.4461871380,0.4434996076,0.7595161800,0.4263507191,0.3804268733,0.6003936025,0.6394845735,0.5523498810,0.8579203094,1,precaution,100.4769971101,133.5854321993,0.0714190843,0.0159427011,0.8895093839,0.1104906161,0.1372409359,0.1418726450,0
full_rvcim,0,20,0.9429685093,0.4415894458,0.4165796727,0.7577336008,0.4138975727,0.3675725626,0.5969809201,0.6417995714,0.5540340741,0.8583781585,1,precaution,107.6189413437,134.3495927967,0.6308940263,0.1407921358,0.7254057589,0.2745942411,0.1578452066,0.1418883740,0
full_rvcim,0,21,0.9429685093,0.4329627741,0.4798297789,0.7564010417,0.4067431217,0.3577234029,0.5953575969,0.6435033000,0.5552735604,0.8587151138,1,precaution,25.8364789093,137.3689208623,0.0112571081,0.0025131630,0.9704921664,0.0295078336,0.1078115413,0.1418988186,0
full_rvcim,0,22,0.9429685093,0.4418943542,0.4759067261,0.7526327083,0.3882765046,0.3413945219,0.5893269535,0.6449111116,0.5562977629,0.8589935441,1,precaution,49.7571154117,133.6445649131,1.2244535689,0.2733902287,0.5016079306,0.4983920694,0.2082259539,0.1419067253,0
full_rvcim,0,23,0.9429685093,0.4478986646,0.4764344762,0.7476354323,0.3688510793,0.3243686159,0.5823105381,0.6458897136,0.5570097095,0.8591870873,1,precaution,71.8214561338,131.8497270231,1.2541830335,0.2803006725,0.4938799270,0.5061200730,0.2071953042,0.1419118356,0
full_rvcim,0,24,0.9429685093,0.4575404948,0.4048814492,0.7425411580,0.3492099845,0.3073323878,0.5752841738,0.6466614900,0.5575711875,0.8593397255,1,precaution,110.2114251458,96.0245389241,1.2529157664,0.2803487970,0.4943510189,0.5056489811,0.2079720364,0.1419156427,0
full_rvcim,0,25,0.9429685093,0.4500905712,0.4799433583,0.7403896218,0.3406558521,0.2969688053,0.5731376969,0.6472747701,0.5580173574,0.8594610171,1,precaution,27.3605735981,132.2514764100,0.0624645491,0.0139937698,0.9284639500,0.0715360500,0.1157907266,0.1419185276,0
full_rvcim,0,26,0.9429685093,0.4520758574,0.4656639614,0.7389224204,0.3273818415,0.2844235546,0.5704503575,0.6478218157,0.5584153406,0.8595692092,1,precaution,93.3394257564,131.0980420794,0.6528044837,0.1462929617,0.7030379787,0.2969620213,0.1723556575,0.1419209960,0
full_rvcim,0,27,0.9429685093,0.4511210551,0.4550801023,0.7356703624,0.3183407807,0.2735043241,0.5676750301,0.6482324101,0.5587140538,0.8596504146,1,precaution,96.9085213650,131.9159786111,0.0436953078,0.0097963778,0.9226875732,0.0773124268,0.1308140796,0.1419227838,0
full_rvcim,0,28,0.9429685093,0.4545947436,0.4149910761,0.7328680096,0.3037820664,0.2599673921,0.5636142236,0.6485787288,0.5589660054,0.8597189078,1,precaution,107.7237730583,130.2847404109,0.6872335046,0.1541474523,0.6771172935,0.3228827065,0.1735122812,0.1419242484,0
full_rvcim,0,29,0.9429685093,0.4679987255,0.4248229437,0.7290630887,0.2856417602,0.2443950166,0.5579035064,0.6488385851,0.5591550545,0.8597703009,1,precaution,104.5446990849,84.4324717648,1.0329825876,0.2318644929,0.5926814558,0.4073185442,0.1955109894,0.1419253213,0
full_rvcim,0,30,0.9429685093,0.4666339120,0.4994881395,0.7288789450,0.2771422899,0.2349552033,0.5574798576,0.6490403834,0.5593018656,0.8598102116,1,precaution,9.2295757269,127.3391376599,0.0772469202,0.0173567047,0.8995916285,0.1004083715,0.1332437284,0.1419261391,0
full_rvcim,0,31,0.9429685093,0.4657340334,0.4414658867,0.7273173077,0.2680054825,0.2248313376,0.5559507092,0.6492188823,0.5594317260,0.8598455143,1,precaution,100.6406869959,127.5832317111,0.0669101703,0.0150349377,0.9187856862,0.0812143138,0.1306243630,0.1419268513,0
full_rvcim,0,32,0.9429685093,0.4722840688,0.4697311237,0.7225681642,0.2471829516,0.2079750895,0.5492358459,0.6493626683,0.5595363324,0.8598739516,1,precaution,58.9717670078,124.5398733213,1.2662807044,0.2846121306,0.4884492390,0.5115507610,0.2089598154,0.1419274173,0
full_rvcim,0,33,0.9429685093,0.4842346718,0.4870477538,0.7160679934,0.2254499707,0.1903363365,0.5418926177,0.6494661170,0.5596115927,0.8598944112,1,precaution,28.3008843390,67.7001184901,1.3145409685,0.2958211729,0.3587638501,0.6412361499,0.2312312171,0.1419278203,0
full_rvcim,0,34,0.9429685093,0.4950245158,0.4833206414,0.7113828088,0.2007724990,0.1716544229,0.5340884234,0.6495500101,0.5596726261,0.8599110032,1,precaution,57.2429048643,50.3726615537,1.6522313579,0.3723144818,0.3546974374,0.6453025626,0.2373613999,0.1419281445,0
full_rvcim,0,35,0.9429685093,0.5023231215,0.5287987077,0.7104917018,0.1858449332,0.1592216783,0.5316477725,0.6496163927,0.5597209203,0.8599241320,1,precaution,7.6458047855,50.4099640491,0.6850964855,0.1546014677,0.6884721188,0.3115278812,0.1718522679,0.1419283994,0
full_rvcim,0,36,0.9429685093,0.5016777764,0.5062009731,0.7088567274,0.1759238734,0.1492408657,0.5303680804,0.6496766978,0.5597647932,0.8599360588,1,precaution,51.7006657369,80.1506753994,0.0672579589,0.0151844188,0.9068032067,0.0931967933,0.1327515920,0.1419286297,0
full_rvcim,0,37,0.9429685093,0.5077839059,0.5190130363,0.7059747946,0.1652539750,0.1385760259,0.5282915604,0.6497294125,0.5598031438,0.8599464845,1,precaution,31.5845213144,73.1013416704,0.0939740460,0.0212208218,0.8670254430,0.1329745570,0.1411602676,0.1419288301,0
full_rvcim,0,38,0.9429685093,0.5103891661,0.5073709712,0.7026059848,0.1494947102,0.1253405036,0.5245190623,0.6497727807,0.5598346948,0.8599550617,1,precaution,80.9535879878,86.7396470550,0.6450309527,0.1457133299,0.7080869444,0.2919130556,0.1712797335,0.1419289942,0
full_rvcim,0,39,0.9429685093,0.5287743900,0.4931325788,0.6953470319,0.1234666558,0.1058202463,0.5153271038,0.6498068198,0.5598594587,0.8599617937,1,precaution,84.0390775292,37.2313713783,1.6218710225,0.3666372812,0.3887646089,0.6112353911,0.2343924398,0.1419291226,0
full_rvcim,0,40,0.9429685093,0.5332743963,0.5796617002,0.6901319964,0.1065349784,0.0917067666,0.5103120638,0.6498323958,0.5598780656,0.8599668521,1,precaution,0.5158894730,45.5332394500,0.6577539785,0.1489439607,0.6961064084,0.3038935916,0.1731182343,0.1419292188,0
full_rvcim,0,41,0.9429685093,0.5424766919,0.5517914259,0.6885005116,0.0904600483,0.0790679055,0.5075431204,0.6498559081,0.5598951712,0.8599715022,1,precaution,22.9320145295,40.5658927332,0.6829158187,0.1547853307,0.6938342197,0.3061657803,0.1708130143,0.1419293070,0
full_rvcim,0,42,0.9429685093,0.5422289553,0.5479350036,0.6845718478,0.0702204687,0.0637076536,0.5024527787,0.6498755758,0.5599094796,0.8599753920,1,precaution,48.9866518497,62.7768066866,1.0564674617,0.2395748034,0.5313409448,0.4686590552,0.2074049314,0.1419293807,0
full_rvcim,0,43,0.9429685093,0.5381847546,0.5244132860,0.6824734937,0.0539657484,0.0510865191,0.4993014549,0.6498914966,0.5599210623,0.8599785407,1,precaution,75.8378112780,105.7794068684,0.6327011883,0.1436130801,0.7398382591,0.2601617409,0.1561844077,0.1419294403,0
full_rvcim,0,44,0.9429685093,0.5418168112,0.6292353274,0.6788265030,0.0370371889,0.0377946908,0.4955549820,0.6499055049,0.5599312535,0.8599813112,2,emergency_braking,-3.1648158426,104.6721391447,0.6590647039,0.1496846876,0.6881807190,0.3118192810,0.1746357557,0.1419294926,0
full_rvcim,0,45,0.9429685093,0.5454762952,0.5895444403,0.6772655836,0.0260836591,0.0281287537,0.4946702064,0.6499173295,0.5599398561,0.8599836498,1,precaution,19.0833238133,104.1819818546,0.0373637048,0.0084918375,0.9195886145,0.0804113855,0.1334416478,0.1419295367,0
full_rvcim,0,46,0.9429685093,0.5646605067,0.4981723915,0.6718042699,0.0000000000,0.0096007263,0.4871120300,0.6499280068,0.5599476240,0.8599857615,1,precaution,82.2477147633,36.5685418812,1.6332396541,0.3712552812,0.3603771586,0.6396228414,0.2392157854,0.1419295765,0
full_rvcim,0,47,0.9429685093,0.5702617645,0.5634741184,0.6659589850,0.0000000000,0.0000000000,0.4800621171,0.6499357461,0.5599532544,0.8599872922,1,precaution,48.0493503421,40.7343432309,1.2473958142,0.2839480019,0.5160182572,0.4839817428,0.2036636052,0.1419296054,0
full_rvcim,0,48,0.9429685093,0.5737055542,0.5760734853,0.6639260057,0.0000000000,0.0000000000,0.4793082029,0.6499428960,0.5599584560,0.8599887062,1,precaution,26.4898707372,50.8931813695,0.0993876430,0.0226536599,0.8253565767,0.1746434233,0.1500909208,0.1419296320,0
full_rvcim,0,49,0.9429685093,0.5990415535,0.6115494321,0.6562398804,0.0000000000,0.0000000000,0.4690044094,0.6499498955,0.5599635483,0.8599900906,1,precaution,2.1225381844,17.3165508313,2.2562051728,0.5143341462,0.0750911217,0.9249088783,0.2883647569,0.1419296580,0
full_rvcim,0,50,0.9429685093,0.6143085185,0.5580096153,0.6515221971,0.0000000000,0.0000000000,0.4617768007,0.6499549717,0.5599672413,0.8599910945,1,precaution,65.0557695949,14.4325345007,1.6516390150,0.3772410073,0.3654868942,0.6345131058,0.2345729902,0.1419296769,0
full_rvcim,0,51,0.9429685093,0.6100547474,0.5888777168,0.6502735858,0.0000000000,0.0000000000,0.4613422698,0.6499598006,0.5599707544,0.8599920496,1,precaution,32.6277513417,33.4942025329,0.0126512378,0.0028935086,0.9738556372,0.0261443628,0.1157235059,0.1419296948,0
full_rvcim,0,52,0.9429685093,0.6248289859,0.5762848584,0.6462250477,0.0000000000,0.0000000000,0.4576701885,0.6499647624,0.5599743642,0.8599930309,1,precaution,60.7696757696,22.1540500564,0.6883845714,0.1574555550,0.6327356859,0.3672643141,0.1822156850,0.1419297133,0
full_rvcim,0,53,0.9429685093,0.6290607524,0.6368793178,0.6391792676,0.0000000000,0.0000000000,0.4505377986,0.6499688763,0.5599773570,0.8599938445,2,emergency_braking,-0.4521876496,27.7110901546,1.2957680827,0.2965876808,0.4018727539,0.5981272461,0.2220125898,0.1419297285,0
full_rvcim,0,54,0.9429685093,0.6439732592,0.6498185973,0.6374498733,0.0000000000,0.0000000000,0.4499859407,0.6499723226,0.5599798643,0.8599945261,1,precaution,1.0110539697,19.8761398451,0.0083817612,0.0019210677,0.9762798593,0.0237201407,0.1244097834,0.1419297413,0
full_rvcim,0,55,0.9429685093,0.6529607314,0.6549380859,0.6328761907,0.0000000000,0.0000000000,0.4457879587,0.6499757399,0.5599823505,0.8599952020,1,precaution,2.7059674436,19.3752308619,0.6904328933,0.1582609271,0.6685684377,0.3314315623,0.1751176724,0.1419297540,0
full_rvcim,0,56,0.9429685093,0.6495254881,0.6121244019,0.6299350648,0.0000000000,0.0000000000,0.4444459932,0.6499785714,0.5599844104,0.8599957619,1,precaution,51.1182096021,40.6194128711,0.0837049855,0.0192019885,0.8923568903,0.1076431097,0.1306847439,0.1419297645,0
full_rvcim,0,57,0.9429685093,0.6565136476,0.6293823645,0.6292679320,0.0000000000,0.0000000000,0.4452067804,0.6499812012,0.5599863236,0.8599962821,1,precaution,46.1811384017,36.7218729545,0.0900572086,0.0206644023,0.8446963274,0.1553036726,0.1457079626,0.1419297743,0
full_rvcim,0,58,0.9429685093,0.6683783407,0.6343389915,0.6271618569,0.0000000000,0.0000000000,0.4434124956,0.6499835071,0.5599880012,0.8599967381,1,precaution,44.1983139961,24.6796001226,0.6703895395,0.1538045887,0.6749656020,0.3250343980,0.1771894966,0.1419297828,0
full_rvcim,0,59,0.9429685093,0.6710998621,0.7231746024,0.6237768105,0.0000000000,0.0000000000,0.4419338791,0.6499854351,0.5599894039,0.8599971194,2,emergency_braking,-5.9935540550,33.3815995880,0.0349844763,0.0080290460,0.9349317936,0.0650682064,0.1311251518,0.1419297900,0
full_rvcim,0,60,0.9429685093,0.6797269795,0.6941070446,0.6190855828,0.0000000000,0.0000000000,0.4377915269,0.6499872296,0.5599907094,0.8599974743,1,precaution,1.1389003856,27.3407888032,0.6819500898,0.1565531896,0.6820555669,0.3179444331,0.1722708257,0.1419297966,0
full_rvcim,0,61,0.9429685093,0.7091573168,0.6895689607,0.6110803129,0.0000000000,0.0000000000,0.4278403130,0.6499887210,0.5599917944,0.8599977693,1,precaution,8.3491143220,5.3552770557,2.2503472147,0.5170083493,0.0840829220,0.9159170780,0.2866836279,0.1419298021,0
full_rvcim,0,62,0.9429685093,0.7157416043,0.6315079558,0.6085137942,0.0000000000,0.0000000000,0.4271205234,0.6499898624,0.5599926248,0.8599979950,1,precaution,45.6435612957,10.1209634876,0.0185891863,0.0042788128,0.9648638369,0.0351361631,0.1259079460,0.1419298064,0
full_rvcim,0,63,0.9429685093,0.7299660539,0.7190305231,0.6044544755,0.0000000000,0.0000000000,0.4242792129,0.6499911131,0.5599935346,0.8599982424,2,emergency_braking,-4.0321828207,7.0965552842,0.6621140488,0.1524244500,0.6755987028,0.3244012972,0.1759376689,0.1419298110,0
full_rvcim,0,64,0.9429685093,0.7338775636,0.6892800248,0.5993889383,0.0000000000,0.0000000000,0.4191531544,0.6499921525,0.5599942909,0.8599984480,1,precaution,28.1522795900,10.7861513354,1.0233523397,0.2357110582,0.6084591333,0.3915408667,0.1937870049,0.1419298149,0
full_rvcim,0,65,0.9429685093,0.7473639046,0.7379752919,0.5956347184,0.0000000000,0.0000000000,0.4159780561,0.6499930421,0.5599949381,0.8599986239,2,emergency_braking,-4.9804186265,7.7817215184,0.6650087724,0.1533213965,0.7242018993,0.2757981007,0.1656987849,0.1419298181,0
full_rvcim,0,66,0.9429685093,0.7622320716,0.7559488614,0.5896071628,0.0000000000,0.0036762857,0.4136116292,0.6499938557,0.5599955299,0.8599987848,2,emergency_braking,-6.1304638877,4.8070084794,0.6714009130,0.1548880965,0.6795445944,0.3204554056,0.1752615209,0.0419298212,1
full_rvcim,0,67,0.9429685093,0.7989130660,0.7619752056,0.5843436543,0.0000000000,0.0079818987,0.4124100563,0.6499945923,0.5599960658,0.8599989305,2,emergency_braking,-5.6069127990,-2.7216157781,0.6758300616,0.1559796831,0.6206504924,0.3793495076,0.1867438073,0.0419298239,1
full_rvcim,0,68,0.9429685093,0.8358614782,0.8273438050,0.5774811629,0.0000000000,0.0115676251,0.4103023287,0.6499952403,0.5599965373,0.8599990587,3,loss_minimization,-10.1400582837,-5.8080367862,0.7016821724,0.1619830985,0.5908468252,0.4091531748,0.1920570426,0.0419298263,1
full_rvcim,0,69,0.9429685093,0.8668098683,0.8978092117,0.5716273915,0.0000000000,0.0182892575,0.4098154721,0.6499958095,0.5599969513,0.8599991712,2,emergency_braking,-9.5070983061,-6.6430936954,0.0574225320,0.0132612626,0.9410652767,0.0589347233,0.1281905119,0.0419298284,1
full_rvcim,0,70,0.9429685093,0.9050804464,0.8870834350,0.5620736481,0.0000000000,0.0163924392,0.4030686978,0.6499963382,0.5599973360,0.8599992758,3,loss_minimization,-11.0444751157,-9.7855404337,1.6214149705,0.3744869827,0.3670009827,0.6329990173,0.2377366426,0.0419298304,1
full_rvcim,0,71,0.9429685093,0.9288908171,0.9454878583,0.5542053818,0.0000000000,0.0198266505,0.4003784383,0.6499967415,0.5599976294,0.8599993555,3,loss_minimization,-10.1118925540,-9.6128578606,0.6718242912,0.1553651143,0.6757938001,0.3242061999,0.1771010510,0.0419298319,1
